,country,1999_pop,2000_pop,2001_pop,2002_pop,2003_pop,2004_pop,2005_pop,2006_pop,2007_pop,2008_pop,2009_pop,2010_pop,2011_pop,2012_pop,2013_pop,2014_pop,2015_pop,2016_pop,2017_pop,2018_pop,2019_pop,2020_pop,2021_pop,2022_pop,2023_pop,2024_pop,2025_pop,2026_pop,2027_pop,2028_pop,2029_pop,2030_pop,1999_le,2000_le,2001_le,2002_le,2003_le,2004_le,2005_le,2006_le,2007_le,2008_le,2009_le,2010_le,2011_le,2012_le,2013_le,2014_le,2015_le,2016_le,2017_le,2018_le,2019_le,2020_le,2021_le,2022_le,2023_le,2024_le,2025_le,2026_le,2027_le,2028_le,2029_le,2030_le,Code,Year,death_rate
0,Afghanistan,19.3M,19.5M,19.7M,21M,22.6M,23.6M,24.4M,25.4M,25.9M,26.4M,27.4M,28.2M,29.2M,30.5M,31.5M,32.7M,33.8M,34.6M,35.6M,36.7M,37.8M,39M,40.1M,41.1M,42.2M,43.4M,44.5M,45.7M,46.8M,48M,49.2M,50.3M,54.7,54.7,54.8,55.5,56.5,57.1,57.6,58.0,58.5,59.2,59.9,60.5,61.0,61.4,61.9,61.9,61.9,62.0,62.9,62.7,63.3,63.4,64.0,64.3,64.6,64.9,65.2,65.4,65.7,66.0,66.2,66.4,AFG,2005,44.07
1,Angola,15.9M,16.4M,16.9M,17.5M,18.1M,18.8M,19.5M,20.2M,20.9M,21.7M,22.5M,23.4M,24.3M,25.2M,26.1M,27.1M,28.1M,29.2M,30.2M,31.3M,32.4M,33.4M,34.5M,35.6M,36.7M,37.8M,38.9M,40.1M,41.3M,42.5M,43.7M,44.9M,51.9,52.8,53.4,54.5,55.1,55.5,56.4,57.0,58.0,58.8,59.5,60.2,60.8,61.4,62.1,63.0,63.5,63.9,64.2,64.6,65.1,65.2,65.8,66.1,66.4,66.8,67.1,67.4,67.7,68.0,68.3,68.6,AGO,2005,161.75
2,Albania,3.21M,3.18M,3.15M,3.12M,3.09M,3.06M,3.03M,3M,2.98M,2.95M,2.93M,2.91M,2.9M,2.89M,2.89M,2.88M,2.88M,2.88M,2.88M,2.88M,2.87M,2.87M,2.85M,2.84M,2.83M,2.83M,2.82M,2.82M,2.81M,2.8M,2.8M,2.79M,75.1,75.4,76.0,75.9,75.6,75.8,76.2,76.9,77.5,77.6,78.0,78.1,78.1,78.2,78.3,78.2,78.1,78.2,78.3,78.4,78.5,77.9,78.7,78.8,79.0,79.1,79.2,79.4,79.5,79.7,79.8,80.0,ALB,2005,0.54
3,United Arab Emirates,3.1M,3.28M,3.45M,3.63M,3.81M,3.99M,4.28M,4.9M,5.87M,6.99M,7.99M,8.48M,8.58M,8.66M,8.75M,8.84M,8.92M,8.99M,9.07M,9.14M,9.21M,9.29M,9.37M,9.44M,9.52M,9.59M,9.67M,9.74M,9.81M,9.87M,9.94M,10M,69.2,69.1,69.2,69.4,69.3,69.1,69.2,69.5,70.0,70.4,70.6,70.8,71.0,71.2,71.6,73.0,73.2,73.4,73.5,73.7,73.9,74.0,74.2,74.3,74.4,74.6,74.7,74.8,75.0,75.1,75.2,75.4,ARE,2005,4.76
4,Argentina,36.7M,37.1M,37.5M,37.9M,38.3M,38.7M,39.1M,39.5M,39.9M,40.3M,40.7M,41.1M,41.5M,42M,42.4M,42.8M,43.3M,43.7M,44.1M,44.4M,44.7M,45M,45.3M,45.5M,45.8M,46.1M,46.3M,46.6M,46.9M,47.2M,47.4M,47.7M,73.8,74.2,74.3,74.3,74.4,74.9,75.3,75.4,75.3,75.7,75.8,75.9,76.0,76.2,76.3,76.5,76.5,76.2,76.3,76.5,76.6,74.6,76.9,77.0,77.2,77.3,77.5,77.6,77.8,77.9,78.0,78.2,ARG,2005,2.12
5,Armenia,3.21M,3.17M,3.13M,3.11M,3.08M,3.07M,3.05M,3.03M,3M,2.98M,2.96M,2.95M,2.93M,2.91M,2.9M,2.89M,2.88M,2.87M,2.85M,2.84M,2.82M,2.81M,2.79M,2.78M,2.78M,2.78M,2.78M,2.78M,2.77M,2.77M,2.76M,2.76M,71.9,72.4,72.5,72.7,72.8,73.0,73.0,73.1,73.5,73.5,73.6,73.9,74.2,74.6,75.1,75.2,75.1,75.3,75.5,75.6,75.7,74.0,76.0,76.1,76.3,76.4,76.5,76.7,76.8,77.0,77.1,77.2,ARM,2005,4.52
6,Antigua and Barbuda,73.8k,75.1k,76.2k,77.2k,78.1k,78.9k,79.9k,80.9k,82k,83.3k,84.5k,85.7k,86.7k,87.7k,88.5k,89.2k,89.9k,90.6k,91.1k,91.6k,92.1k,92.7k,93.2k,93.8k,94.3k,94.8k,95.3k,95.8k,96.3k,96.7k,97.1k,97.5k,74.7,74.8,75.1,75.4,75.6,75.7,75.9,75.9,75.1,75.2,75.8,75.9,76.0,76.0,76.1,76.0,76.0,76.0,76.1,76.2,76.3,76.3,76.5,76.7,76.8,76.9,77.1,77.2,77.3,77.4,77.6,77.7,ATG,2005,0.6
7,Australia,18.8M,19M,19.2M,19.5M,19.7M,19.9M,20.2M,20.5M,20.8M,21.2M,21.7M,22M,22.4M,22.7M,23.1M,23.5M,23.8M,24.2M,24.6M,25M,25.4M,25.7M,25.9M,26.2M,26.4M,26.7M,27M,27.2M,27.5M,27.7M,28M,28.2M,79.4,79.7,80.1,80.3,80.6,80.9,81.2,81.5,81.5,81.7,81.9,82.1,82.3,82.6,82.7,82.7,82.7,83.0,83.0,82.9,82.9,82.9,83.2,83.3,83.5,83.6,83.7,83.8,84.0,84.1,84.2,84.3,AUS,2005,0.24
8,Austria,7.99M,8.01M,8.04M,8.08M,8.12M,8.17M,8.23M,8.27M,8.29M,8.32M,8.34M,8.36M,8.39M,8.43M,8.48M,8.55M,8.64M,8.74M,8.8M,8.84M,8.88M,8.91M,8.92M,8.94M,8.96M,8.98M,8.99M,9.01M,9.02M,9.04M,9.05M,9.05M,78.2,78.5,78.9,79.0,79.1,79.5,79.8,80.1,80.3,80.5,80.5,80.8,81.0,81.2,81.3,81.5,81.6,81.8,82.0,82.1,82.2,81.5,82.4,82.6,82.8,82.9,83.1,83.2,83.4,83.6,83.7,83.9,AUT,2005,0.4
9,Azerbaijan,8.1M,8.19M,8.28M,8.37M,8.46M,8.56M,8.66M,8.76M,8.88M,9M,9.12M,9.24M,9.36M,9.49M,9.61M,9.74M,9.86M,9.98M,10.1M,10.2M,10.2M,10.3M,10.3M,10.4M,10.4M,10.5M,10.5M,10.6M,10.6M,10.6M,10.7M,10.7M,66.2,66.5,67.1,67.2,67.1,67.2,67.3,67.7,68.2,68.5,68.8,69.0,69.2,69.5,69.7,69.9,70.2,70.3,70.4,70.8,71.0,70.4,71.2,71.3,71.4,71.5,71.6,71.7,71.8,71.9,72.0,72.1,AZE,2005,14.65
10,Burundi,6.18M,6.31M,6.47M,6.65M,6.86M,7.12M,7.39M,7.66M,7.94M,8.28M,8.71M,9.13M,9.46M,9.8M,10.1M,10.5M,10.7M,10.9M,11.2M,11.5M,11.9M,12.2M,12.6M,12.9M,13.2M,13.6M,13.9M,14.3M,14.7M,15M,15.4M,15.8M,44.3,44.7,45.8,46.9,47.9,49.2,50.3,54.5,55.7,56.8,57.7,58.5,59.4,60.2,60.8,61.4,61.8,62.4,63.0,63.4,63.8,64.0,64.5,64.9,65.2,65.5,65.8,66.2,66.5,66.8,67.1,67.4,BDI,2005,222.48
11,Belgium,10.2M,10.3M,10.3M,10.4M,10.4M,10.5M,10.5M,10.6M,10.7M,10.7M,10.8M,10.9M,11M,11M,11.1M,11.2M,11.2M,11.3M,11.4M,11.4M,11.5M,11.6M,11.6M,11.7M,11.7M,11.7M,11.7M,11.8M,11.8M,11.8M,11.8M,11.9M,77.8,78.0,78.3,78.5,78.7,79.1,79.3,79.6,79.8,79.9,80.0,80.2,80.4,80.5,80.7,81.0,81.1,81.3,81.4,81.4,81.4,80.2,81.7,81.9,82.0,82.2,82.3,82.5,82.6,82.8,83.0,83.1,BEL,2005,0.65
12,Benin,6.79M,7M,7.21M,7.43M,7.66M,7.89M,8.15M,8.4M,8.65M,8.91M,9.17M,9.45M,9.73M,10M,10.3M,10.6M,10.9M,11.3M,11.6M,11.9M,12.3M,12.6M,13M,13.4M,13.7M,14.1M,14.5M,14.8M,15.2M,15.6M,16M,16.4M,57.3,57.4,57.6,57.9,58.1,58.5,58.8,59.1,59.5,60.1,60.7,61.1,61.4,61.7,62.0,62.3,62.6,63.0,63.4,64.0,64.5,64.6,65.1,65.5,65.8,66.0,66.3,66.6,66.9,67.1,67.4,67.6,BEN,2005,63.9
13,Burkina Faso,11.5M,11.9M,12.2M,12.6M,13M,13.4M,13.9M,14.3M,14.8M,15.2M,15.7M,16.1M,16.6M,17.1M,17.6M,18.2M,18.7M,19.3M,19.8M,20.4M,21M,21.5M,22.1M,22.7M,23.3M,23.8M,24.4M,25M,25.7M,26.3M,26.9M,27.5M,52.1,52.5,52.9,53.4,54.0,54.6,55.3,56.0,56.5,57.1,57.6,57.9,58.3,58.6,58.9,59.4,59.9,60.3,60.8,61.3,61.7,61.8,62.5,62.9,63.3,63.6,64.0,64.4,64.7,65.1,65.4,65.7,BFA,2005,68.0
14,Bangladesh,127M,129M,132M,134M,137M,139M,141M,143M,144M,145M,147M,148M,150M,152M,154M,156M,158M,160M,162M,164M,166M,167M,169M,171M,173M,175M,176M,178M,180M,181M,183M,184M,65.1,65.5,66.0,66.3,66.7,67.1,67.4,67.8,68.2,69.0,69.6,70.0,71.1,72.3,72.8,73.0,73.6,73.9,73.9,74.2,74.5,74.7,75.1,75.4,75.7,76.0,76.2,76.5,76.7,77.0,77.2,77.4,BGD,2005,60.85
15,Bulgaria,8.16M,8.1M,8.03M,7.97M,7.92M,7.87M,7.82M,7.77M,7.72M,7.67M,7.63M,7.59M,7.54M,7.49M,7.43M,7.37M,7.31M,7.25M,7.18M,7.12M,7.05M,6.98M,6.89M,6.78M,6.69M,6.62M,6.57M,6.51M,6.46M,6.4M,6.35M,6.29M,70.0,70.2,70.4,70.7,70.9,71.0,71.1,71.2,71.5,71.9,72.1,72.3,72.7,73.0,73.3,73.0,73.2,73.3,73.3,73.3,73.3,71.8,73.6,73.7,73.8,74.0,74.1,74.2,74.4,74.5,74.6,74.7,BGR,2005,2.02
16,Bahrain,692k,711k,730k,748k,778k,833k,902k,971k,1.04M,1.11M,1.18M,1.21M,1.21M,1.22M,1.26M,1.31M,1.36M,1.41M,1.46M,1.49M,1.49M,1.48M,1.46M,1.47M,1.49M,1.5M,1.51M,1.52M,1.54M,1.55M,1.56M,1.57M,71.2,71.7,73.4,72.7,72.2,72.3,72.7,73.0,73.6,74.0,74.5,75.0,75.3,75.7,76.2,76.6,76.8,76.8,76.8,77.0,77.0,76.3,77.3,77.4,77.5,77.7,77.8,77.9,78.0,78.2,78.3,78.4,BHR,2005,4.3
17,Bahamas,320k,325k,330k,334k,338k,343k,348k,353k,358k,363k,368k,373k,378k,382k,386k,389k,393k,396k,399k,402k,405k,406k,408k,410k,413k,415k,418k,420k,423k,425k,428k,430k,70.8,71.3,71.3,71.9,72.4,72.4,73.2,73.0,73.6,73.5,73.2,73.2,73.2,73.3,73.5,73.6,73.3,73.7,73.8,73.8,73.4,72.3,73.6,73.7,73.8,73.9,74.0,74.1,74.2,74.3,74.5,74.6,BHS,2005,2.41
18,Bosnia and Herzegovina,4.15M,4.18M,4.19M,4.2M,4.18M,4.14M,4.09M,4.06M,4.01M,3.94M,3.88M,3.81M,3.74M,3.67M,3.62M,3.57M,3.52M,3.48M,3.44M,3.4M,3.36M,3.32M,3.27M,3.23M,3.21M,3.19M,3.18M,3.17M,3.15M,3.14M,3.13M,3.11M,75.4,75.5,75.3,75.1,75.3,75.5,75.3,75.6,75.3,75.9,76.1,76.3,76.4,76.7,76.6,76.7,76.5,76.7,76.8,76.9,77.0,75.4,77.3,77.4,77.6,77.7,77.9,78.0,78.2,78.3,78.5,78.6,BIH,2005,4.04
19,Belarus,10.3M,10.3M,10.2M,10.1M,10.1M,10M,9.94M,9.87M,9.83M,9.79M,9.76M,9.73M,9.71M,9.69M,9.69M,9.69M,9.7M,9.71M,9.71M,9.7M,9.67M,9.63M,9.58M,9.53M,9.5M,9.46M,9.41M,9.37M,9.33M,9.29M,9.25M,9.21M,68.2,69.0,68.6,68.0,68.6,69.0,68.8,69.5,70.4,70.5,70.6,70.6,70.5,72.3,72.8,73.1,73.7,73.8,73.8,74.0,74.0,73.5,74.3,74.4,74.5,74.7,74.8,74.9,75.0,75.2,75.3,75.5,BLR,2005,6.66
20,Belize,233k,240k,248k,256k,264k,272k,280k,289k,297k,306k,314k,322k,330k,337k,345k,352k,360k,367k,375k,382k,389k,395k,400k,405k,411k,417k,422k,428k,434k,439k,445k,450k,70.3,70.0,70.6,71.4,71.8,72.0,72.4,72.6,73.1,73.6,73.7,73.6,73.8,74.3,74.3,74.3,74.2,74.4,74.5,74.4,74.5,72.1,74.7,74.9,75.0,75.2,75.3,75.4,75.6,75.7,75.9,76.0,BLZ,2005,7.12
21,Bolivia,8.44M,8.59M,8.75M,8.9M,9.06M,9.22M,9.38M,9.54M,9.71M,9.88M,10.1M,10.2M,10.4M,10.6M,10.7M,10.9M,11.1M,11.3M,11.4M,11.6M,11.8M,11.9M,12.1M,12.2M,12.4M,12.6M,12.7M,12.9M,13.1M,13.3M,13.5M,13.6M,66.0,66.5,67.2,67.6,68.1,68.6,69.0,69.3,69.6,69.8,70.1,70.3,70.5,70.7,70.9,71.1,71.3,71.5,71.7,71.8,72.0,69.8,72.5,72.8,73.0,73.2,73.4,73.7,73.9,74.1,74.3,74.5,BOL,2005,34.25
22,Brazil,173M,176M,178M,180M,183M,185M,187M,189M,191M,193M,195M,196M,198M,200M,202M,203M,205M,207M,209M,210M,212M,213M,214M,215M,216M,218M,219M,220M,221M,222M,223M,224M,70.8,71.2,71.5,71.8,72.0,72.3,72.8,73.1,73.3,73.5,73.7,73.8,74.0,74.3,74.5,74.8,75.0,75.0,75.4,75.7,75.8,73.6,76.3,76.4,76.6,76.8,77.0,77.2,77.4,77.6,77.8,78.0,BRA,2005,4.36
23,Barbados,264k,265k,265k,266k,267k,269k,269k,270k,271k,273k,274k,275k,275k,276k,277k,277k,278k,279k,279k,280k,280k,281k,281k,282k,282k,282k,283k,283k,283k,283k,283k,283k,74.8,74.7,75.2,75.1,74.9,74.9,75.2,75.4,75.5,75.8,76.1,76.2,76.2,76.5,76.5,76.5,76.5,76.5,76.5,76.5,76.2,76.2,76.4,76.6,76.7,76.8,77.0,77.1,77.2,77.4,77.5,77.7,BRB,2005,0.59
24,Brunei,327k,334k,341k,347k,354k,360k,367k,373k,379k,385k,390k,396k,402k,407k,412k,417k,421k,426k,430k,434k,438k,442k,445k,449k,453k,456k,459k,462k,465k,468k,471k,473k,72.3,72.5,72.8,72.9,72.9,72.9,73.0,73.2,73.5,73.8,73.8,73.8,73.9,74.0,73.9,74.0,74.0,74.1,74.1,74.2,74.4,74.4,74.6,74.8,74.9,75.0,75.2,75.3,75.4,75.6,75.7,75.8,BRN,2005,13.58
25,Bhutan,571k,587k,603k,619k,635k,650k,663k,673k,682k,690k,698k,706k,713k,721k,729k,736k,743k,750k,756k,762k,767k,773k,777k,782k,787k,792k,797k,802k,807k,812k,817k,821k,66.0,65.7,67.1,67.7,68.2,68.6,69.0,69.5,69.9,70.3,70.5,71.0,71.3,71.6,71.8,72.1,72.3,72.5,72.7,73.0,73.2,73.3,73.8,74.1,74.3,74.6,74.8,75.1,75.3,75.5,75.7,76.0,BTN,2005,40.51
26,Botswana,1.69M,1.73M,1.76M,1.8M,1.83M,1.86M,1.89M,1.93M,1.97M,2.01M,2.05M,2.09M,2.13M,2.18M,2.22M,2.26M,2.31M,2.35M,2.4M,2.45M,2.5M,2.55M,2.59M,2.63M,2.68M,2.72M,2.76M,2.81M,2.85M,2.89M,2.93M,2.97M,46.4,45.5,45.0,44.9,45.7,47.5,49.9,51.4,53.4,54.7,56.1,57.0,57.8,58.6,59.4,60.1,60.6,61.2,61.5,61.8,62.3,61.6,62.5,62.6,62.7,62.7,62.8,62.9,63.1,63.2,63.3,63.4,BWA,2005,103.15
27,Central African Republic,3.66M,3.76M,3.84M,3.93M,4.03M,4.12M,4.21M,4.29M,4.38M,4.47M,4.56M,4.66M,4.73M,4.77M,4.8M,4.8M,4.82M,4.9M,5M,5.09M,5.21M,5.34M,5.46M,5.58M,5.74M,5.92M,6.1M,6.29M,6.48M,6.69M,6.89M,7.1M,43.8,43.8,43.9,44.2,44.5,44.8,45.2,45.6,46.1,46.8,47.4,47.8,48.3,48.8,47.5,47.5,49.7,50.3,50.4,51.5,52.4,52.4,53.1,53.4,53.6,53.9,54.2,54.5,54.8,55.1,55.4,55.7,CAF,2005,327.3
28,Canada,30.4M,30.7M,31M,31.3M,31.6M,31.9M,32.2M,32.5M,32.9M,33.2M,33.6M,34M,34.3M,34.7M,35.1M,35.4M,35.7M,36.1M,36.6M,37M,37.5M,37.9M,38.2M,38.5M,38.8M,39.1M,39.4M,39.8M,40.1M,40.4M,40.7M,41M,79.1,79.4,79.6,79.8,80.0,80.2,80.4,80.7,80.9,81.1,81.4,81.6,81.9,82.0,82.1,82.2,82.3,82.3,82.4,82.2,82.2,81.5,82.5,82.6,82.8,82.9,83.1,83.2,83.4,83.5,83.7,83.8,CAN,2005,0.29
29,Switzerland,7.14M,7.18M,7.22M,7.28M,7.33M,7.38M,7.43M,7.48M,7.54M,7.64M,7.73M,7.82M,7.91M,8M,8.09M,8.19M,8.28M,8.37M,8.45M,8.51M,8.58M,8.64M,8.69M,8.74M,8.8M,8.85M,8.9M,8.96M,9.01M,9.05M,9.1M,9.14M,80.1,80.3,80.6,80.9,81.1,81.4,81.7,81.9,82.2,82.4,82.5,82.8,83.0,83.1,83.3,83.5,83.6,83.8,83.9,83.9,84.0,83.2,84.3,84.4,84.5,84.6,84.8,84.9,85.0,85.1,85.3,85.4,CHE,2005,0.34
30,Chile,15.2M,15.4M,15.5M,15.7M,15.9M,16M,16.2M,16.3M,16.5M,16.7M,16.8M,17M,17.2M,17.3M,17.5M,17.7M,17.9M,18.1M,18.4M,18.7M,19M,19.3M,19.5M,19.6M,19.6M,19.7M,19.7M,19.7M,19.8M,19.8M,19.9M,19.9M,76.5,76.9,77.0,77.4,77.4,77.6,77.9,78.2,78.4,78.7,78.6,78.6,79.0,79.2,79.3,79.5,79.6,80.0,80.0,80.1,80.2,79.1,80.5,80.6,80.8,81.0,81.2,81.3,81.5,81.7,81.9,82.1,CHL,2005,3.93
31,China,1.26B,1.26B,1.27B,1.28B,1.29B,1.3B,1.3B,1.31B,1.32B,1.33B,1.34B,1.35B,1.36B,1.37B,1.38B,1.39B,1.39B,1.4B,1.41B,1.42B,1.42B,1.42B,1.43B,1.43B,1.43B,1.43B,1.42B,1.42B,1.42B,1.42B,1.42B,1.42B,71.2,71.3,71.7,72.0,72.3,72.5,73.0,73.7,74.2,74.3,74.7,74.9,75.3,75.7,76.1,76.4,76.8,77.0,77.2,77.4,77.6,77.7,78.0,78.1,78.3,78.4,78.6,78.8,78.9,79.1,79.3,79.4,CHN,2005,6.81
32,Cote d'Ivoire,16.3M,16.8M,17.2M,17.7M,18.1M,18.5M,19M,19.4M,19.8M,20.2M,20.7M,21.1M,21.6M,22M,22.5M,23M,23.6M,24.2M,24.8M,25.5M,26.1M,26.8M,27.5M,28.2M,28.9M,29.6M,30.3M,31.1M,31.9M,32.6M,33.4M,34.2M,51.0,51.1,51.5,51.7,52.1,52.6,53.5,54.4,55.3,56.3,57.0,57.4,57.8,58.8,59.4,60.2,61.1,62.0,62.8,63.6,64.3,64.4,64.9,65.2,65.5,65.8,66.0,66.3,66.6,66.8,67.1,67.3,CIV,2005,94.99
33,Cameroon,14.7M,15.1M,15.5M,15.9M,16.4M,16.8M,17.3M,17.8M,18.3M,18.8M,19.3M,19.9M,20.4M,21M,21.6M,22.3M,23M,23.7M,24.4M,25.1M,25.8M,26.5M,27.2M,27.9M,28.6M,29.4M,30.2M,30.9M,31.7M,32.5M,33.3M,34.1M,54.8,54.5,54.3,54.2,54.3,54.6,55.0,55.4,55.9,56.6,57.2,57.7,58.2,58.8,59.1,59.5,60.0,60.9,61.9,62.6,63.4,63.5,64.0,64.3,64.6,64.9,65.2,65.5,65.8,66.2,66.4,66.7,CMR,2005,80.0
34,Colombia,38.6M,39.2M,39.8M,40.5M,41.1M,41.6M,42.2M,42.8M,43.3M,43.8M,44.3M,44.8M,45.3M,45.8M,46.2M,46.7M,47.1M,47.6M,48.4M,49.3M,50.2M,50.9M,51.5M,51.9M,52.1M,52.3M,52.6M,52.9M,53.2M,53.5M,53.8M,54.1M,74.1,74.2,74.4,73.4,75.2,75.6,76.5,76.7,77.3,77.6,77.5,77.9,78.7,79.0,79.3,79.7,79.7,79.8,80.0,80.1,80.2,77.8,80.5,80.7,80.9,81.1,81.2,81.4,81.6,81.8,81.9,82.1,COL,2005,3.29
35,Comoros,526k,537k,548k,559k,570k,581k,593k,605k,617k,629k,642k,656k,670k,685k,699k,715k,730k,746k,762k,776k,791k,806k,822k,837k,852k,868k,883k,898k,914k,929k,944k,959k,61.2,61.4,62.2,62.5,63.3,63.8,64.1,64.4,64.5,65.3,64.8,65.9,65.7,66.3,66.7,67.2,67.5,67.9,68.2,68.5,68.7,68.8,69.2,69.4,69.6,69.8,70.0,70.2,70.4,70.6,70.8,70.9,COM,2005,97.77
36,Cape Verde,450k,458k,466k,473k,480k,487k,493k,499k,505k,510k,516k,521k,528k,534k,540k,546k,552k,558k,565k,571k,577k,583k,588k,593k,599k,604k,610k,616k,622k,627k,633k,639k,69.7,70.3,70.6,70.8,71.2,71.5,71.8,72.9,73.2,73.9,74.1,74.4,74.5,74.6,74.8,75.0,74.9,74.8,74.8,73.5,73.7,73.1,74.1,74.3,74.4,74.6,74.8,74.9,75.1,75.3,75.4,75.6,CPV,2005,24.44
37,Costa Rica,3.9M,3.98M,4.05M,4.12M,4.19M,4.25M,4.32M,4.38M,4.44M,4.5M,4.56M,4.62M,4.68M,4.74M,4.79M,4.84M,4.9M,4.95M,4.99M,5.04M,5.08M,5.12M,5.15M,5.18M,5.21M,5.25M,5.28M,5.31M,5.34M,5.37M,5.4M,5.43M,77.3,77.9,77.9,78.4,78.5,78.6,79.4,79.1,80.3,80.3,80.6,79.5,80.2,80.3,80.4,80.5,80.2,79.8,79.8,80.0,80.1,78.9,80.5,80.6,80.8,81.0,81.2,81.4,81.5,81.7,81.9,82.1,CRI,2005,1.86
38,Cuba,11.1M,11.1M,11.1M,11.2M,11.2M,11.2M,11.2M,11.3M,11.3M,11.3M,11.3M,11.3M,11.3M,11.3M,11.3M,11.3M,11.3M,11.3M,11.3M,11.3M,11.3M,11.3M,11.3M,11.2M,11.2M,11.2M,11.2M,11.1M,11.1M,11.1M,11M,11M,76.6,77.0,77.2,77.9,77.8,77.8,77.7,78.4,78.5,78.4,78.5,78.5,79.1,78.8,78.8,78.7,78.4,78.5,78.3,78.3,78.7,78.7,78.9,79.0,79.1,79.2,79.4,79.6,79.7,79.9,80.1,80.3,CUB,2005,0.33
39,Cyprus,932k,948k,965k,982k,1M,1.02M,1.04M,1.06M,1.07M,1.09M,1.11M,1.13M,1.15M,1.16M,1.17M,1.18M,1.19M,1.2M,1.21M,1.22M,1.23M,1.24M,1.24M,1.25M,1.26M,1.27M,1.28M,1.28M,1.29M,1.3M,1.31M,1.31M,76.3,76.7,77.1,77.3,77.7,77.9,77.9,78.2,78.3,78.8,79.1,79.5,79.8,80.1,80.3,80.4,80.5,80.7,80.8,80.8,80.8,80.8,81.1,81.3,81.4,81.6,81.7,81.9,82.0,82.2,82.3,82.5,CYP,2005,0.53
40,Germany,81.6M,81.6M,81.5M,81.4M,81.3M,81.3M,81.2M,81.2M,81.2M,81.2M,81.3M,81.3M,81.4M,81.5M,81.7M,81.9M,82.1M,82.3M,82.6M,82.9M,83.1M,83.3M,83.4M,83.4M,83.3M,83.3M,83.2M,83.1M,83.1M,83M,82.9M,82.8M,78.1,78.4,78.7,78.8,78.9,79.3,79.6,79.9,80.0,80.2,80.3,80.5,80.7,80.8,80.8,81.0,80.9,81.0,81.1,81.2,81.2,81.0,81.5,81.7,81.8,82.0,82.1,82.3,82.5,82.6,82.8,82.9,DEU,2005,0.35
41,Djibouti,719k,742k,765k,789k,806k,818k,831k,847k,865k,883k,901k,919k,937k,954k,972k,989k,1.01M,1.02M,1.04M,1.06M,1.07M,1.09M,1.11M,1.12M,1.14M,1.15M,1.17M,1.18M,1.2M,1.22M,1.23M,1.25M,60.3,60.4,60.5,60.6,60.9,61.0,61.4,61.4,62.1,62.5,62.9,63.2,63.6,64.1,64.5,64.9,65.3,65.8,66.2,66.7,66.8,66.8,67.5,67.7,67.8,68.0,68.2,68.4,68.7,68.9,69.1,69.3,DJI,2005,118.48
42,Denmark,5.32M,5.34M,5.36M,5.38M,5.4M,5.42M,5.44M,5.46M,5.48M,5.5M,5.53M,5.55M,5.58M,5.6M,5.63M,5.65M,5.68M,5.71M,5.74M,5.77M,5.8M,5.83M,5.85M,5.88M,5.91M,5.94M,5.97M,6M,6.02M,6.05M,6.08M,6.1M,76.7,77.2,77.3,77.4,77.7,78.0,78.3,78.5,78.7,79.0,79.2,79.5,79.9,80.3,80.5,80.8,81.0,81.0,81.1,81.1,81.1,81.2,81.4,81.5,81.7,81.8,82.0,82.2,82.3,82.5,82.6,82.7,DNK,2005,0.46
43,Dominican Republic,8.41M,8.54M,8.67M,8.8M,8.92M,9.04M,9.16M,9.28M,9.4M,9.52M,9.65M,9.78M,9.9M,10M,10.2M,10.3M,10.4M,10.5M,10.6M,10.8M,10.9M,11M,11.1M,11.2M,11.3M,11.4M,11.5M,11.6M,11.7M,11.8M,11.9M,12M,73.4,73.7,73.8,73.9,73.5,72.6,72.6,72.7,72.9,73.3,73.4,73.5,73.4,72.9,72.3,72.2,72.0,72.1,72.5,72.9,73.2,72.7,73.5,73.7,73.8,74.0,74.2,74.3,74.5,74.6,74.8,75.0,DOM,2005,9.04
44,Algeria,30.3M,30.8M,31.2M,31.6M,32.1M,32.5M,33M,33.4M,34M,34.6M,35.2M,35.9M,36.5M,37.3M,38M,38.8M,39.5M,40.3M,41.1M,41.9M,42.7M,43.5M,44.2M,44.9M,45.6M,46.3M,46.9M,47.5M,48.1M,48.7M,49.3M,49.8M,70.7,71.0,71.3,71.8,72.0,72.6,72.9,73.3,73.6,73.9,74.2,74.5,74.7,74.9,75.1,75.3,75.4,75.7,75.9,76.0,76.2,76.2,76.6,76.7,76.9,77.1,77.3,77.4,77.6,77.8,77.9,78.1,DZA,2005,2.92
45,Ecuador,12.4M,12.6M,12.8M,13.1M,13.3M,13.5M,13.8M,14M,14.3M,14.5M,14.7M,15M,15.2M,15.5M,15.7M,16M,16.2M,16.4M,16.7M,17M,17.3M,17.6M,17.8M,18M,18.2M,18.4M,18.6M,18.7M,18.9M,19.1M,19.3M,19.5M,74.2,74.5,75.0,74.1,73.9,73.9,73.6,73.6,73.7,73.8,74.1,74.3,74.9,74.9,75.2,75.6,75.9,75.9,76.0,76.2,76.4,73.9,76.8,77.0,77.2,77.4,77.6,77.8,77.9,78.1,78.3,78.5,ECU,2005,11.39
46,Egypt,69.9M,71.4M,72.9M,74.4M,76M,77.5M,79.1M,80.6M,82.2M,83.8M,85.5M,87.3M,89.2M,91.2M,93.4M,95.6M,97.7M,99.8M,102M,104M,106M,107M,109M,111M,113M,114M,116M,118M,120M,122M,123M,125M,67.9,68.5,68.3,68.3,68.2,68.5,68.8,68.9,69.2,69.3,69.3,69.4,69.6,69.7,70.1,70.3,69.9,70.2,70.5,70.7,71.0,71.0,71.3,71.4,71.6,71.7,71.9,72.0,72.2,72.3,72.5,72.7,EGY,2005,2.09
47,Eritrea,2.36M,2.39M,2.46M,2.55M,2.65M,2.76M,2.83M,2.88M,2.93M,3.01M,3.08M,3.15M,3.21M,3.25M,3.3M,3.32M,3.34M,3.37M,3.4M,3.45M,3.5M,3.56M,3.62M,3.68M,3.75M,3.82M,3.89M,3.96M,4.04M,4.12M,4.2M,4.28M,47.3,54.8,56.1,56.6,57.0,57.4,57.7,58.3,58.7,59.1,59.6,60.0,60.4,60.9,61.3,61.8,62.2,62.6,63.0,63.4,63.8,64.0,64.5,64.8,65.1,65.4,65.7,65.9,66.2,66.5,66.7,67.0,ERI,2005,211.51
48,Spain,40.5M,40.7M,41M,41.5M,42.2M,43M,43.7M,44.4M,45.2M,46M,46.4M,46.6M,46.7M,46.8M,46.6M,46.5M,46.4M,46.5M,46.6M,46.8M,47.1M,47.4M,47.5M,47.6M,47.5M,47.5M,47.4M,47.4M,47.3M,47.2M,47.2M,47.1M,79.1,79.5,79.8,79.9,80.0,80.3,80.6,81.0,81.2,81.4,81.8,82.1,82.3,82.4,82.7,82.8,82.8,83.0,83.0,83.1,83.1,81.5,83.3,83.5,83.6,83.7,83.8,84.0,84.1,84.2,84.3,84.5,ESP,2005,0.78
49,Estonia,1.4M,1.4M,1.39M,1.38M,1.37M,1.36M,1.35M,1.35M,1.34M,1.34M,1.33M,1.33M,1.33M,1.32M,1.32M,1.31M,1.31M,1.32M,1.32M,1.32M,1.33M,1.33M,1.33M,1.33M,1.32M,1.32M,1.31M,1.31M,1.31M,1.3M,1.3M,1.29M,70.7,71.0,70.8,71.4,72.1,72.5,73.0,73.3,73.3,74.4,75.2,76.3,76.3,76.5,77.2,77.3,77.8,77.7,77.8,77.9,78.0,77.7,78.3,78.5,78.6,78.7,78.8,79.0,79.1,79.3,79.4,79.6,EST,2005,3.79
50,Ethiopia,65.1M,67M,69M,71.1M,73.2M,75.3M,77.5M,79.7M,82M,84.4M,86.8M,89.2M,91.8M,94.5M,97.1M,99.7M,102M,105M,108M,111M,114M,117M,120M,123M,127M,130M,133M,136M,139M,143M,146M,149M,50.8,51.1,53.3,54.2,55.0,55.9,57.0,58.2,59.5,60.8,61.9,63.0,64.0,64.9,65.6,66.3,66.8,67.4,67.9,68.4,68.8,69.0,69.6,69.9,70.3,70.6,71.0,71.3,71.6,71.9,72.2,72.4,ETH,2005,166.44
51,Finland,5.17M,5.18M,5.19M,5.2M,5.21M,5.23M,5.25M,5.27M,5.29M,5.31M,5.34M,5.36M,5.39M,5.41M,5.44M,5.46M,5.48M,5.5M,5.51M,5.52M,5.52M,5.53M,5.54M,5.54M,5.55M,5.55M,5.55M,5.56M,5.56M,5.56M,5.56M,5.57M,77.8,78.0,78.4,78.6,78.8,79.0,79.3,79.6,79.7,80.0,80.2,80.4,80.7,80.9,81.2,81.4,81.7,81.8,81.8,81.8,81.9,82.0,82.2,82.4,82.5,82.7,82.8,83.0,83.1,83.3,83.4,83.5,FIN,2005,0.89
52,Fiji,823k,833k,841k,850k,858k,867k,875k,883k,891k,897k,901k,905k,908k,911k,913k,916k,917k,918k,919k,919k,918k,920k,925k,930k,936k,943k,950k,957k,964k,972k,979k,986k,65.9,65.8,66.2,66.6,66.5,67.1,67.1,67.1,67.1,67.1,67.5,67.6,67.7,67.7,67.9,68.0,68.0,68.0,68.2,68.3,68.4,68.4,68.6,68.8,68.9,69.0,69.2,69.3,69.5,69.7,69.8,70.0,FJI,2005,8.03
53,France,58.4M,58.7M,59M,59.4M,59.7M,60.1M,60.5M,60.9M,61.3M,61.7M,62.1M,62.4M,62.8M,63.1M,63.3M,63.6M,63.8M,64M,64.1M,64.3M,64.4M,64.5M,64.5M,64.6M,64.8M,64.9M,65M,65.1M,65.2M,65.3M,65.4M,65.5M,78.9,79.2,79.3,79.5,79.7,80.3,80.6,80.8,81.1,81.2,81.4,81.6,81.8,82.0,82.3,82.6,82.5,82.8,82.9,82.9,82.9,82.2,83.1,83.3,83.4,83.5,83.7,83.8,83.9,84.0,84.2,84.3,FRA,2005,1.27
54,Gabon,1.24M,1.27M,1.31M,1.34M,1.38M,1.42M,1.46M,1.5M,1.55M,1.6M,1.65M,1.71M,1.77M,1.84M,1.9M,1.97M,2.03M,2.09M,2.14M,2.19M,2.24M,2.29M,2.34M,2.39M,2.44M,2.48M,2.53M,2.58M,2.63M,2.68M,2.73M,2.77M,59.8,59.6,59.5,59.8,59.8,60.2,61.1,61.7,62.0,62.2,62.7,63.3,63.7,64.5,65.3,65.9,66.3,66.6,67.0,67.5,67.8,67.8,68.2,68.4,68.5,68.7,68.8,69.0,69.2,69.3,69.5,69.7,GAB,2005,80.4
55,United Kingdom,58.6M,58.9M,59.1M,59.4M,59.6M,60M,60.4M,60.8M,61.3M,61.7M,62.2M,62.8M,63.3M,63.8M,64.3M,64.8M,65.2M,65.7M,66.1M,66.4M,66.8M,67.1M,67.3M,67.5M,67.7M,68M,68.2M,68.4M,68.6M,68.8M,69M,69.2M,77.6,78.0,78.3,78.5,78.6,79.0,79.3,79.5,79.8,80.0,80.3,80.6,80.8,80.9,81.0,81.1,81.0,81.1,81.2,81.0,81.1,79.4,81.3,81.4,81.6,81.7,81.9,82.0,82.2,82.3,82.5,82.7,GBR,2005,0.47
56,Georgia,4.39M,4.27M,4.14M,4.06M,4.02M,3.99M,3.96M,3.93M,3.91M,3.88M,3.86M,3.84M,3.82M,3.8M,3.79M,3.77M,3.77M,3.77M,3.77M,3.77M,3.77M,3.77M,3.76M,3.74M,3.73M,3.72M,3.71M,3.7M,3.69M,3.68M,3.67M,3.66M,70.7,70.7,70.8,70.4,70.6,70.7,71.0,71.5,72.0,71.5,71.7,71.9,72.2,72.5,72.9,73.2,73.3,73.1,73.2,73.3,73.4,72.6,73.7,73.8,74.0,74.1,74.2,74.4,74.5,74.7,74.8,75.0,GEO,2005,5.64
57,Ghana,19.2M,19.7M,20.2M,20.8M,21.3M,21.9M,22.5M,23.1M,23.7M,24.3M,25M,25.6M,26.2M,26.9M,27.5M,28.2M,28.9M,29.6M,30.2M,30.9M,31.5M,32.2M,32.8M,33.5M,34.1M,34.8M,35.4M,36.1M,36.8M,37.4M,38.1M,38.8M,59.7,59.6,59.5,59.5,59.6,59.8,60.0,60.3,60.5,61.0,61.3,61.8,62.4,63.0,63.5,63.9,64.2,64.7,65.1,65.8,66.3,66.4,66.9,67.1,67.3,67.6,67.8,68.1,68.3,68.5,68.8,69.0,GHA,2005,97.22
58,Guinea,8.17M,8.34M,8.45M,8.58M,8.77M,8.96M,9.14M,9.33M,9.55M,9.78M,10M,10.3M,10.5M,10.8M,11.1M,11.3M,11.6M,11.9M,12.2M,12.6M,12.9M,13.2M,13.5M,13.9M,14.2M,14.5M,14.9M,15.2M,15.6M,15.9M,16.3M,16.6M,54.4,54.3,54.7,55.1,55.4,55.7,56.0,56.3,56.5,56.9,57.1,57.6,57.9,58.2,58.4,57.9,58.5,59.3,59.9,60.6,61.2,61.3,61.9,62.2,62.5,62.7,63.0,63.3,63.6,63.9,64.1,64.4,GIN,2005,83.76
59,Gambia,1.4M,1.44M,1.48M,1.52M,1.57M,1.61M,1.66M,1.71M,1.76M,1.82M,1.88M,1.94M,2M,2.06M,2.12M,2.19M,2.25M,2.32M,2.38M,2.44M,2.51M,2.57M,2.64M,2.71M,2.77M,2.84M,2.91M,2.98M,3.05M,3.12M,3.19M,3.26M,61.5,61.6,61.7,61.7,61.8,62.0,62.2,62.4,62.6,62.9,63.3,63.7,64.2,64.5,64.8,65.0,65.4,65.7,66.0,66.4,66.7,66.9,67.5,67.8,68.2,68.5,68.8,69.2,69.5,69.7,70.0,70.3,GMB,2005,96.78
60,Guinea-Bissau,1.21M,1.23M,1.26M,1.29M,1.32M,1.35M,1.38M,1.41M,1.45M,1.49M,1.53M,1.57M,1.61M,1.65M,1.7M,1.74M,1.79M,1.83M,1.88M,1.92M,1.97M,2.02M,2.06M,2.11M,2.15M,2.2M,2.24M,2.29M,2.34M,2.39M,2.44M,2.48M,50.0,51.5,51.8,52.1,52.4,52.7,52.8,53.6,54.3,54.8,55.5,56.2,56.9,57.4,57.9,58.3,58.8,59.3,59.8,60.3,61.0,61.0,61.6,61.9,62.2,62.5,62.8,63.1,63.4,63.7,64.0,64.3,GNB,2005,135.32
61,Equatorial Guinea,655k,685k,719k,754k,790k,826k,865k,905k,949k,995k,1.04M,1.09M,1.14M,1.19M,1.24M,1.3M,1.35M,1.4M,1.45M,1.5M,1.55M,1.6M,1.63M,1.67M,1.71M,1.75M,1.8M,1.84M,1.88M,1.92M,1.96M,2M,56.6,57.6,58.9,60.0,60.5,60.9,61.1,62.0,62.5,62.9,63.5,63.5,63.1,63.4,64.5,65.0,64.8,64.9,65.6,65.8,66.0,66.1,66.7,67.0,67.4,67.7,68.0,68.4,68.7,69.0,69.3,69.6,GNQ,2005,66.68
62,Greece,11M,11M,11.1M,11.1M,11.1M,11.1M,11.1M,11.1M,11.1M,11.1M,11.1M,11M,11M,11M,10.9M,10.9M,10.8M,10.7M,10.7M,10.6M,10.6M,10.5M,10.4M,10.4M,10.3M,10.3M,10.3M,10.2M,10.2M,10.1M,10.1M,10.1M,78.2,78.4,78.7,78.9,79.1,79.2,79.4,79.7,79.6,80.0,80.2,80.4,80.5,80.6,80.9,81.0,80.9,81.0,81.1,81.0,80.9,80.4,81.3,81.4,81.6,81.7,81.9,82.0,82.2,82.3,82.4,82.6,GRC,2005,0.72
63,Grenada,107k,107k,108k,108k,109k,110k,110k,111k,112k,112k,113k,114k,115k,116k,117k,118k,119k,120k,121k,122k,123k,124k,125k,125k,126k,127k,128k,128k,129k,129k,130k,130k,71.9,72.0,72.1,72.1,72.2,71.8,72.4,72.5,72.6,72.5,72.5,72.5,72.6,73.2,73.1,73.0,73.1,72.9,73.0,73.2,73.3,73.3,73.4,73.5,73.5,73.6,73.8,73.9,74.0,74.2,74.4,74.6,GRD,2005,0.85
64,Guatemala,11.5M,11.7M,12M,12.3M,12.6M,12.9M,13.1M,13.4M,13.7M,14M,14.3M,14.5M,14.8M,15.1M,15.4M,15.7M,16M,16.3M,16.6M,16.9M,17.1M,17.4M,17.6M,17.8M,18.1M,18.4M,18.6M,18.9M,19.2M,19.5M,19.7M,20M,66.4,66.7,67.2,67.8,68.1,68.4,68.4,68.9,69.5,69.9,69.9,70.3,70.7,71.1,71.3,71.6,71.8,72.0,72.3,72.4,72.6,71.5,73.0,73.2,73.4,73.6,73.8,74.0,74.2,74.4,74.6,74.8,GTM,2005,6.45
65,Guyana,758k,759k,760k,760k,761k,760k,760k,758k,757k,754k,751k,748k,744k,744k,747k,751k,755k,759k,763k,786k,799k,797k,805k,809k,814k,820k,825k,830k,835k,840k,844k,848k,64.1,64.0,63.9,63.9,64.1,64.3,64.4,65.0,65.2,65.3,65.9,65.8,65.7,65.7,66.0,66.0,66.4,66.7,66.9,67.1,67.3,66.8,67.5,67.6,67.7,67.8,67.9,68.0,68.1,68.2,68.3,68.4,GUY,2005,15.42
66,Honduras,6.48M,6.66M,6.84M,7.02M,7.2M,7.38M,7.56M,7.75M,7.92M,8.1M,8.28M,8.45M,8.62M,8.79M,8.96M,9.13M,9.29M,9.46M,9.63M,9.79M,9.96M,10.1M,10.3M,10.4M,10.6M,10.8M,10.9M,11.1M,11.2M,11.4M,11.6M,11.7M,69.9,70.1,70.2,70.4,70.5,70.7,70.9,71.1,71.2,71.3,71.3,71.1,71.0,69.3,69.6,69.9,69.9,71.5,71.7,71.9,72.1,70.7,72.4,72.6,72.7,72.9,73.1,73.2,73.4,73.5,73.7,73.9,HND,2005,12.73
67,Croatia,4.61M,4.55M,4.51M,4.48M,4.46M,4.44M,4.43M,4.42M,4.41M,4.39M,4.38M,4.37M,4.35M,4.33M,4.31M,4.28M,4.25M,4.22M,4.19M,4.16M,4.13M,4.1M,4.06M,4.03M,4.01M,3.99M,3.96M,3.94M,3.92M,3.9M,3.87M,3.85M,74.1,74.7,74.9,75.0,75.1,75.6,75.6,76.0,75.9,75.9,76.5,76.8,77.1,77.4,77.8,77.9,77.7,78.4,78.5,78.6,78.7,77.9,79.0,79.1,79.3,79.4,79.6,79.8,79.9,80.1,80.2,80.4,HRV,2005,1.89
68,Haiti,8.21M,8.36M,8.51M,8.66M,8.81M,8.96M,9.11M,9.27M,9.42M,9.58M,9.73M,9.84M,9.95M,10.1M,10.3M,10.4M,10.6M,10.7M,10.9M,11M,11.2M,11.3M,11.4M,11.6M,11.7M,11.9M,12M,12.2M,12.3M,12.4M,12.6M,12.7M,57.0,57.4,57.8,58.2,58.5,57.5,59.0,59.5,60.0,60.2,60.7,32.5,60.0,61.4,61.6,61.9,62.2,62.4,63.1,63.5,63.8,63.9,64.4,64.7,64.9,65.2,65.4,65.7,65.9,66.2,66.4,66.7,HTI,2005,22.32
69,Hungary,10.2M,10.2M,10.2M,10.1M,10.1M,10.1M,10.1M,10.1M,10M,10M,10M,9.99M,9.95M,9.92M,9.89M,9.87M,9.84M,9.82M,9.79M,9.78M,9.77M,9.75M,9.71M,9.97M,10.2M,9.99M,9.87M,9.79M,9.74M,9.71M,9.68M,9.64M,71.1,71.9,72.5,72.6,72.7,73.1,73.1,73.5,73.6,74.2,74.4,74.8,75.1,75.4,75.9,76.0,75.9,76.3,76.3,76.3,76.6,75.8,76.9,77.0,77.1,77.3,77.4,77.5,77.7,77.8,78.0,78.1,HUN,2005,0.99
70,Indonesia,211M,214M,217M,220M,223M,226M,229M,232M,235M,238M,241M,244M,247M,250M,253M,256M,259M,262M,264M,267M,270M,272M,274M,276M,278M,280M,282M,284M,286M,288M,290M,292M,67.0,67.2,67.5,67.7,67.8,66.3,68.3,68.4,68.7,68.9,69.1,69.3,69.6,69.8,70.0,70.2,70.4,70.7,70.9,71.1,71.4,71.4,71.8,71.9,72.1,72.3,72.4,72.6,72.8,73.0,73.1,73.3,IDN,2005,73.08
71,India,1.04B,1.06B,1.08B,1.1B,1.12B,1.14B,1.15B,1.17B,1.19B,1.21B,1.22B,1.24B,1.26B,1.27B,1.29B,1.31B,1.32B,1.34B,1.35B,1.37B,1.38B,1.4B,1.41B,1.42B,1.43B,1.44B,1.45B,1.47B,1.48B,1.49B,1.5B,1.51B,62.6,62.9,63.3,63.8,64.5,65.2,65.4,65.6,65.8,66.1,66.8,67.3,67.6,68.0,68.4,69.0,69.4,70.0,70.3,70.5,70.8,70.8,71.2,71.5,71.7,71.9,72.1,72.3,72.5,72.7,72.9,73.0,IND,2005,66.77
72,Ireland,3.72M,3.77M,3.83M,3.89M,3.96M,4.03M,4.12M,4.23M,4.36M,4.45M,4.5M,4.52M,4.54M,4.56M,4.59M,4.62M,4.67M,4.72M,4.77M,4.83M,4.9M,4.95M,4.99M,5.02M,5.06M,5.09M,5.12M,5.15M,5.18M,5.21M,5.24M,5.27M,76.4,76.8,77.3,77.8,78.3,78.7,79.1,79.4,79.7,80.0,80.2,80.8,80.8,81.0,81.2,81.5,81.7,81.9,81.9,82.0,82.0,81.1,82.3,82.5,82.6,82.8,82.9,83.1,83.2,83.4,83.5,83.7,IRL,2005,0.71
73,Iran,64.5M,65.5M,66.7M,67.3M,68M,69.1M,70.2M,71.3M,72.3M,73.3M,74.3M,75.4M,76.3M,77.3M,78.5M,80M,81.8M,83.3M,84.5M,85.6M,86.6M,87.3M,87.9M,88.6M,89.2M,89.8M,90.4M,91M,91.5M,92M,92.5M,92.9M,71.6,71.9,72.2,72.5,71.8,73.2,73.5,74.0,74.4,74.8,75.1,75.5,75.8,76.0,76.2,76.5,76.7,77.1,77.3,77.6,77.8,76.2,78.2,78.3,78.5,78.7,78.9,79.1,79.3,79.5,79.6,79.8,IRN,2005,1.81
74,Iraq,23.8M,24.6M,25.4M,26.3M,27.1M,27.9M,28.7M,28.9M,28.7M,29.2M,30.3M,31.3M,32.4M,33.9M,35.5M,36.7M,37.8M,38.7M,39.6M,40.6M,41.6M,42.6M,43.5M,44.5M,45.5M,46.5M,47.5M,48.6M,49.6M,50.7M,51.7M,52.8M,68.3,68.6,69.0,69.3,68.1,68.3,67.7,66.6,67.2,69.3,70.1,70.6,71.0,71.3,70.9,69.9,70.7,70.9,71.5,73.3,73.3,72.1,73.6,73.7,73.8,74.0,74.1,74.3,74.4,74.5,74.7,74.8,IRQ,2005,8.88
75,Iceland,278k,281k,285k,288k,290k,292k,297k,304k,312k,318k,319k,318k,319k,321k,324k,328k,331k,336k,344k,353k,361k,367k,370k,373k,375k,378k,380k,382k,384k,386k,388k,390k,79.9,80.3,80.6,80.8,81.2,81.4,81.6,81.7,81.9,82.2,82.4,82.6,82.8,82.9,83.2,83.7,83.7,83.8,83.9,84.0,84.1,84.0,84.4,84.5,84.7,84.8,85.0,85.1,85.3,85.4,85.5,85.7,ISL,2005,0.51
76,Israel,5.99M,6.12M,6.24M,6.36M,6.48M,6.6M,6.71M,6.83M,6.95M,7.07M,7.2M,7.33M,7.46M,7.59M,7.73M,7.86M,8.01M,8.16M,8.31M,8.46M,8.61M,8.76M,8.9M,9.04M,9.17M,9.31M,9.45M,9.59M,9.72M,9.86M,10M,10.1M,78.7,78.9,79.0,78.9,79.5,79.9,80.3,80.4,80.8,81.0,81.4,81.9,82.0,82.3,82.5,82.0,82.7,83.0,83.0,83.0,83.0,82.0,83.3,83.5,83.6,83.7,83.9,84.0,84.2,84.3,84.4,84.5,ISR,2005,0.58
77,Italy,56.9M,57M,57M,57.1M,57.4M,57.9M,58.2M,58.4M,58.8M,59.2M,59.6M,59.8M,60M,60.2M,60.3M,60.3M,60.2M,60.1M,60M,59.9M,59.7M,59.5M,59.2M,59M,58.9M,58.7M,58.5M,58.3M,58.1M,58M,57.7M,57.5M,79.3,79.6,79.9,80.2,80.3,80.8,81.0,81.3,81.5,81.6,81.8,82.1,82.2,82.4,82.6,82.8,82.7,83.0,83.1,83.1,83.1,81.9,83.4,83.5,83.7,83.8,83.9,84.0,84.2,84.3,84.4,84.5,ITA,2005,0.41
78,Jamaica,2.6M,2.61M,2.63M,2.64M,2.65M,2.66M,2.68M,2.69M,2.7M,2.71M,2.72M,2.73M,2.75M,2.76M,2.77M,2.78M,2.79M,2.8M,2.81M,2.81M,2.81M,2.82M,2.83M,2.83M,2.83M,2.82M,2.82M,2.82M,2.82M,2.81M,2.81M,2.8M,74.5,74.6,74.7,75.5,76.3,76.8,77.4,77.5,76.3,75.2,74.6,76.3,75.8,77.0,77.1,76.3,76.1,76.2,76.3,76.3,76.3,76.2,76.5,76.6,76.7,76.8,77.0,77.1,77.2,77.3,77.5,77.6,JAM,2005,0.45
79,Jordan,4.95M,5.06M,5.16M,5.28M,5.4M,5.53M,5.68M,6.08M,6.47M,6.63M,6.78M,6.93M,7.11M,7.21M,7.69M,8.66M,9.49M,9.96M,10.2M,10.5M,10.7M,10.9M,11.1M,11.3M,11.3M,11.4M,11.4M,11.5M,11.6M,11.7M,11.8M,11.9M,72.5,72.9,73.0,73.3,73.8,74.0,74.1,74.5,75.5,76.2,76.7,76.9,77.2,77.5,77.9,78.1,78.2,78.1,78.2,77.9,78.2,76.9,78.5,78.7,78.8,79.0,79.1,79.2,79.4,79.5,79.7,79.8,JOR,2005,1.58
80,Japan,127M,127M,127M,127M,128M,128M,128M,128M,128M,128M,128M,128M,128M,128M,128M,127M,127M,127M,127M,126M,126M,125M,125M,124M,123M,123M,122M,121M,121M,120M,119M,119M,81.2,81.6,81.9,82.2,82.3,82.5,82.5,82.8,82.9,83.1,83.3,83.3,83.2,83.6,83.9,84.1,84.3,84.5,84.7,84.8,84.8,84.7,85.1,85.2,85.3,85.4,85.5,85.6,85.7,85.8,86.0,86.1,JPN,2005,1.54
81,Kazakhstan,15.3M,15.2M,15.3M,15.3M,15.4M,15.5M,15.7M,15.8M,16M,16.2M,16.4M,16.6M,16.9M,17.1M,17.3M,17.6M,17.8M,18.1M,18.3M,18.5M,18.8M,19M,19.2M,19.4M,19.6M,19.8M,20.1M,20.3M,20.5M,20.7M,20.9M,21.1M,64.8,64.7,64.7,64.7,64.6,64.6,64.6,64.8,65.3,66.3,67.3,67.6,68.1,68.6,69.4,70.1,70.6,71.1,71.5,71.7,71.9,71.2,72.3,72.3,72.4,72.5,72.6,72.7,72.8,73.0,73.1,73.2,KAZ,2005,24.0
82,Kenya,30M,30.9M,31.8M,32.8M,33.8M,34.8M,35.8M,36.9M,38M,39.2M,40.4M,41.5M,42.6M,43.7M,44.8M,45.8M,46.9M,47.9M,48.9M,50M,51M,52M,53M,54M,55.1M,56.2M,57.3M,58.5M,59.6M,60.8M,61.9M,63.1M,54.9,54.8,54.9,55.0,55.2,55.7,56.5,57.5,58.5,59.4,60.3,61.2,62.0,62.6,63.2,63.8,64.4,65.1,65.7,66.1,66.5,66.4,67.0,67.3,67.5,67.7,67.9,68.1,68.3,68.5,68.7,68.9,KEN,2005,102.89
83,Cambodia,11.9M,12.1M,12.3M,12.6M,12.8M,13M,13.2M,13.5M,13.7M,13.9M,14.2M,14.4M,14.6M,14.8M,15M,15.2M,15.4M,15.6M,15.8M,16M,16.2M,16.4M,16.6M,16.8M,16.9M,17.1M,17.3M,17.5M,17.6M,17.8M,17.9M,18.1M,60.0,60.4,60.9,61.5,62.2,62.9,63.7,64.5,65.2,65.9,66.5,66.9,67.4,67.9,68.2,68.6,68.9,69.2,69.4,69.7,69.9,70.0,70.3,70.5,70.8,70.9,71.1,71.3,71.5,71.7,71.9,72.0,KHM,2005,107.92
84,Kiribati,87.3k,88.8k,90.5k,92.4k,94.3k,96.2k,98.2k,100k,102k,104k,106k,108k,110k,112k,113k,115k,117k,119k,120k,122k,124k,126k,129k,131k,134k,136k,138k,140k,142k,145k,147k,149k,56.2,56.4,56.7,57.0,57.2,57.5,57.7,58.0,58.2,58.4,58.6,58.8,59.0,59.3,59.5,59.7,59.9,60.1,60.3,59.3,60.8,60.8,61.2,61.4,61.6,61.8,61.9,62.1,62.3,62.5,62.6,62.8,KIR,2005,117.57
85,South Korea,46.5M,46.8M,47.1M,47.3M,47.5M,47.7M,47.9M,48M,48.2M,48.4M,48.6M,48.8M,49.2M,49.6M,50.1M,50.6M,51M,51.3M,51.5M,51.7M,51.8M,51.8M,51.8M,51.8M,51.8M,51.7M,51.7M,51.6M,51.6M,51.5M,51.4M,51.3M,76.0,76.3,76.9,77.3,77.7,78.3,78.8,79.3,79.8,80.2,80.5,80.8,81.2,81.5,81.9,82.3,82.6,82.8,82.9,82.9,82.9,82.8,83.2,83.3,83.5,83.6,83.7,83.9,84.0,84.1,84.3,84.4,KOR,2005,9.0
86,Kuwait,1.88M,1.93M,1.99M,2.05M,2.1M,2.15M,2.24M,2.36M,2.51M,2.65M,2.8M,2.94M,3.14M,3.39M,3.65M,3.76M,3.91M,4.05M,4.12M,4.32M,4.44M,4.36M,4.25M,4.27M,4.31M,4.35M,4.39M,4.42M,4.46M,4.49M,4.53M,4.56M,77.8,78.1,79.2,78.6,78.9,78.8,78.7,78.8,79.0,78.1,78.7,80.1,80.9,81.0,81.3,81.6,81.5,81.6,81.6,81.6,81.5,81.2,81.7,81.8,81.9,82.0,82.2,82.3,82.4,82.5,82.6,82.8,KWT,2005,3.19
87,Lebanon,4.25M,4.32M,4.39M,4.45M,4.5M,4.57M,4.64M,4.72M,4.81M,4.89M,4.95M,5M,5.05M,5.18M,5.68M,6.27M,6.4M,6.26M,6.11M,5.95M,5.78M,5.66M,5.59M,5.49M,5.35M,5.22M,5.1M,4.99M,4.9M,4.82M,4.76M,4.71M,74.6,74.8,75.1,75.3,75.3,75.4,75.4,75.1,75.5,75.4,75.5,75.6,75.7,75.7,75.8,75.8,75.9,76.1,76.2,76.2,76.6,76.2,76.8,76.9,77.0,77.2,77.3,77.5,77.6,77.8,78.0,78.2,LBN,2005,1.46
88,Liberia,2.79M,2.9M,2.98M,3.06M,3.09M,3.12M,3.27M,3.46M,3.63M,3.78M,3.91M,4.02M,4.18M,4.33M,4.43M,4.52M,4.61M,4.71M,4.8M,4.89M,4.99M,5.09M,5.19M,5.3M,5.42M,5.54M,5.66M,5.78M,5.9M,6.03M,6.15M,6.28M,53.8,54.8,55.7,55.4,55.5,58.5,59.2,60.0,60.6,61.1,61.5,61.9,62.4,62.9,63.4,59.9,62.5,64.5,65.1,65.7,66.1,66.2,66.7,67.0,67.2,67.5,67.7,68.0,68.2,68.4,68.7,68.9,LBR,2005,66.71
89,Libya,5.06M,5.15M,5.28M,5.41M,5.54M,5.69M,5.84M,5.97M,6.1M,6.23M,6.36M,6.49M,6.19M,5.87M,5.99M,6.1M,6.19M,6.28M,6.38M,6.48M,6.57M,6.65M,6.74M,6.81M,6.89M,6.96M,7.04M,7.11M,7.18M,7.25M,7.32M,7.39M,74.9,74.9,75.0,75.0,75.5,76.4,76.8,76.9,76.0,75.9,75.7,76.2,73.2,76.5,76.7,74.3,74.6,74.3,75.6,75.7,75.9,75.5,76.3,76.4,76.6,76.7,76.9,77.0,77.2,77.3,77.5,77.6,LBY,2005,1.89
90,Sri Lanka,18.7M,18.8M,18.9M,19.1M,19.3M,19.5M,19.7M,19.9M,20.1M,20.3M,20.5M,20.7M,20.9M,21M,21.1M,21.2M,21.3M,21.4M,21.5M,21.6M,21.6M,21.7M,21.8M,21.8M,21.9M,21.9M,22M,22M,22.1M,22.1M,22.2M,22.2M,71.6,71.5,72.6,73.4,73.4,69.0,73.3,73.6,74.0,73.3,73.4,74.0,75.3,75.5,76.0,76.1,76.4,76.6,76.8,77.2,77.3,77.3,77.6,77.8,78.0,78.1,78.3,78.5,78.6,78.8,79.0,79.1,LKA,2005,8.51
91,Lesotho,1.99M,2M,2M,2M,1.99M,1.99M,1.98M,1.98M,1.98M,2M,2.01M,2.02M,2.04M,2.05M,2.07M,2.1M,2.12M,2.14M,2.17M,2.2M,2.23M,2.25M,2.28M,2.31M,2.33M,2.36M,2.38M,2.41M,2.43M,2.45M,2.48M,2.5M,50.2,48.5,47.3,46.1,45.0,44.2,43.9,44.2,45.1,46.3,47.4,48.1,48.2,47.9,47.9,47.9,48.5,49.6,50.8,51.4,51.8,52.0,52.6,53.0,53.3,53.7,54.0,54.4,54.8,55.1,55.5,55.8,LSO,2005,218.39
92,Lithuania,3.63M,3.6M,3.56M,3.52M,3.47M,3.42M,3.37M,3.32M,3.27M,3.22M,3.18M,3.14M,3.1M,3.06M,3.03M,2.99M,2.96M,2.93M,2.9M,2.88M,2.85M,2.82M,2.79M,2.75M,2.72M,2.69M,2.67M,2.65M,2.62M,2.6M,2.58M,2.56M,71.9,72.2,71.7,72.0,72.0,72.0,71.3,70.9,70.6,71.4,73.0,73.2,73.7,74.0,74.0,74.6,74.7,74.9,76.0,76.1,76.2,74.8,76.5,76.7,76.8,77.0,77.1,77.3,77.4,77.6,77.8,77.9,LTU,2005,8.56
93,Luxembourg,429k,436k,441k,446k,451k,458k,465k,472k,480k,489k,498k,507k,518k,531k,543k,556k,569k,583k,596k,608k,620k,630k,639k,648k,655k,662k,668k,674k,680k,686k,692k,697k,77.8,78.0,78.4,78.7,79.0,79.2,79.5,79.8,80.2,80.6,80.8,81.0,81.3,81.5,81.7,82.0,82.3,82.7,82.8,82.9,82.9,82.0,83.2,83.4,83.5,83.7,83.9,84.0,84.2,84.3,84.4,84.6,LUX,2005,0.32
94,Latvia,2.43M,2.39M,2.36M,2.33M,2.29M,2.26M,2.23M,2.2M,2.18M,2.15M,2.13M,2.1M,2.08M,2.05M,2.03M,2.01M,1.99M,1.97M,1.95M,1.94M,1.92M,1.9M,1.87M,1.85M,1.83M,1.81M,1.79M,1.77M,1.75M,1.74M,1.72M,1.7M,70.1,70.7,70.1,70.5,71.0,71.3,70.9,70.5,70.9,72.1,72.9,73.3,73.9,74.2,74.2,74.7,75.1,75.7,75.8,75.8,75.9,75.9,76.1,76.3,76.4,76.5,76.7,76.8,76.9,77.1,77.2,77.3,LVA,2005,4.39
95,Morocco,28.2M,28.6M,28.9M,29.3M,29.7M,30M,30.4M,30.8M,31.2M,31.6M,32M,32.5M,32.9M,33.4M,33.8M,34.2M,34.7M,35.1M,35.5M,35.9M,36.3M,36.7M,37.1M,37.5M,37.8M,38.2M,38.6M,38.9M,39.3M,39.6M,39.9M,40.2M,68.9,69.5,69.9,70.3,70.3,70.5,70.8,71.0,71.2,71.4,71.6,71.9,72.1,72.3,72.1,72.3,72.5,72.8,72.9,73.1,73.3,73.0,73.8,74.0,74.2,74.4,74.6,74.8,75.0,75.1,75.3,75.5,MAR,2005,25.67
96,Moldova,4.3M,4.25M,4.2M,4.15M,4.09M,4.05M,4M,3.94M,3.88M,3.81M,3.75M,3.68M,3.6M,3.51M,3.42M,3.34M,3.28M,3.23M,3.18M,3.14M,3.11M,3.08M,3.06M,3.27M,3.44M,3.33M,3.25M,3.21M,3.19M,3.19M,3.18M,3.17M,68.8,68.9,69.2,69.1,69.1,69.4,68.9,69.4,69.6,69.9,70.1,70.0,71.7,72.0,72.7,72.3,72.1,72.6,73.7,74.0,74.3,73.3,74.6,74.7,74.8,74.9,75.1,75.2,75.3,75.5,75.6,75.7,MDA,2005,11.24
97,Madagascar,15.7M,16.2M,16.7M,17.2M,17.7M,18.3M,18.8M,19.4M,19.9M,20.5M,21.1M,21.7M,22.3M,23M,23.6M,24.2M,24.9M,25.5M,26.2M,26.8M,27.5M,28.2M,28.9M,29.6M,30.3M,31.1M,31.8M,32.5M,33.3M,34.1M,34.8M,35.6M,59.1,59.5,60.0,60.0,60.3,60.6,61.1,61.5,61.9,62.1,62.3,62.6,62.9,63.2,63.5,63.8,64.2,64.5,64.8,65.1,65.5,65.6,66.2,66.5,66.8,67.1,67.4,67.7,68.0,68.2,68.5,68.7,MDG,2005,116.55
98,Maldives,278k,283k,287k,292k,297k,302k,307k,314k,325k,337k,349k,362k,374k,388k,401k,417k,436k,454k,472k,490k,505k,514k,521k,524k,521k,518k,515k,513k,512k,512k,512k,513k,71.6,72.2,72.8,73.7,74.4,73.9,75.8,76.3,76.8,77.2,77.5,77.8,78.0,78.3,78.5,78.7,78.9,78.9,78.9,79.0,79.1,79.1,79.6,79.9,80.2,80.4,80.7,81.0,81.2,81.4,81.7,81.9,MDV,2005,14.5
99,Mexico,96.3M,97.9M,99.4M,101M,102M,104M,105M,107M,108M,110M,111M,113M,114M,116M,117M,119M,120M,122M,123M,124M,125M,126M,127M,128M,128M,129M,130M,131M,132M,133M,134M,135M,73.7,74.2,74.6,74.6,74.7,75.0,75.0,75.3,75.6,75.2,75.0,75.3,75.5,75.7,75.5,75.6,75.7,75.5,75.5,75.5,75.6,73.0,75.8,75.9,76.0,76.2,76.3,76.5,76.7,77.0,77.2,77.4,MEX,2005,3.7
100,North Macedonia,2.02M,2.04M,2.05M,2.06M,2.07M,2.08M,2.08M,2.08M,2.08M,2.09M,2.09M,2.09M,2.1M,2.1M,2.1M,2.11M,2.11M,2.11M,2.11M,2.11M,2.11M,2.11M,2.1M,2.09M,2.09M,2.08M,2.08M,2.08M,2.08M,2.08M,2.08M,2.07M,71.4,71.5,71.4,71.5,71.7,72.2,72.5,72.3,72.4,72.9,73.0,73.4,73.7,73.7,74.0,74.0,74.0,73.8,74.1,74.3,74.4,72.8,74.6,74.8,74.9,75.0,75.2,75.3,75.4,75.5,75.7,75.8,MKD,2005,3.18
101,Mali,10.9M,11.2M,11.6M,12M,12.3M,12.8M,13.2M,13.6M,14.1M,14.6M,15M,15.5M,16M,16.5M,17M,17.6M,18.1M,18.7M,19.3M,19.9M,20.6M,21.2M,21.9M,22.6M,23.3M,24M,24.8M,25.5M,26.3M,27.1M,27.9M,28.7M,52.9,53.3,53.8,54.3,54.9,55.6,56.2,56.6,57.1,57.6,58.0,58.4,58.9,59.1,59.2,59.5,59.9,60.4,60.8,61.2,61.8,62.0,62.6,63.0,63.3,63.6,64.0,64.3,64.6,64.9,65.2,65.5,MLI,2005,69.1
102,Malta,396k,399k,402k,405k,407k,409k,410k,411k,412k,413k,416k,419k,424k,430k,438k,446k,457k,468k,479k,492k,504k,515k,527k,533k,535k,537k,538k,540k,541k,542k,543k,543k,78.6,78.8,79.0,79.1,79.3,79.6,80.0,80.3,80.4,80.6,80.8,81.1,81.2,81.4,81.6,81.8,82.2,82.3,82.4,82.5,82.6,82.3,82.9,83.0,83.2,83.3,83.5,83.6,83.8,83.9,84.1,84.2,MLT,2005,0.22
103,Myanmar,45M,45.5M,46M,46.5M,46.9M,47.3M,47.7M,48.1M,48.4M,48.7M,49M,49.4M,49.8M,50.2M,50.6M,51.1M,51.5M,51.9M,52.3M,52.7M,53M,53.4M,53.8M,54.2M,54.6M,55M,55.3M,55.7M,56M,56.4M,56.7M,57M,58.5,58.9,59.4,59.8,60.3,60.8,61.4,62.0,62.6,57.7,64.0,64.8,65.4,66.1,66.7,67.3,67.7,68.2,68.3,69.1,69.5,69.4,69.9,70.1,70.3,70.4,70.6,70.8,71.0,71.2,71.3,71.5,MMR,2005,87.31
104,Montenegro,634k,633k,633k,633k,632k,633k,633k,633k,632k,631k,631k,631k,632k,633k,634k,634k,634k,633k,632k,631k,630k,629k,628k,627k,626k,626k,626k,625k,624k,624k,623k,622k,73.6,73.7,73.8,73.9,73.8,73.8,73.8,73.9,74.1,74.3,74.4,74.7,74.9,75.2,75.1,75.2,75.3,75.4,75.5,75.6,75.9,74.4,76.1,76.3,76.4,76.6,76.7,76.9,77.0,77.2,77.3,77.4,MNE,2005,0.9
105,Mongolia,2.43M,2.45M,2.47M,2.49M,2.52M,2.54M,2.56M,2.58M,2.61M,2.63M,2.67M,2.7M,2.74M,2.79M,2.85M,2.9M,2.96M,3.03M,3.1M,3.16M,3.23M,3.29M,3.35M,3.4M,3.45M,3.49M,3.54M,3.58M,3.62M,3.66M,3.7M,3.74M,60.7,61.0,61.3,61.7,62.1,62.5,62.9,63.5,64.0,64.5,64.8,65.1,65.5,66.1,66.6,67.2,67.7,67.8,67.9,68.0,68.1,68.2,68.5,68.6,68.8,69.0,69.2,69.4,69.6,69.7,69.9,70.1,MNG,2005,24.45
106,Mozambique,17.3M,17.8M,18.2M,18.7M,19.2M,19.7M,20.2M,20.7M,21.3M,21.8M,22.4M,23.1M,23.8M,24.5M,25.3M,26M,26.8M,27.7M,28.6M,29.4M,30.3M,31.2M,32.1M,33M,33.9M,34.9M,35.8M,36.8M,37.8M,38.8M,39.9M,40.9M,52.4,52.2,52.3,52.2,52.1,52.1,52.1,52.3,52.8,53.4,53.5,53.5,53.6,53.6,54.0,54.9,55.8,56.6,57.3,57.9,58.4,58.4,59.3,59.6,59.9,60.2,60.5,60.9,61.3,61.6,61.9,62.2,MOZ,2005,194.54
107,Mauritania,2.62M,2.7M,2.76M,2.82M,2.88M,2.95M,3.01M,3.08M,3.15M,3.23M,3.32M,3.42M,3.52M,3.64M,3.74M,3.84M,3.95M,4.05M,4.16M,4.27M,4.38M,4.5M,4.61M,4.74M,4.86M,4.99M,5.13M,5.26M,5.4M,5.54M,5.69M,5.83M,63.1,63.6,64.1,64.5,65.0,65.5,65.8,66.5,66.9,67.4,67.8,68.1,68.4,68.7,69.0,69.3,69.6,69.9,70.2,70.5,70.8,70.7,71.2,71.4,71.6,71.8,72.0,72.2,72.3,72.5,72.7,72.8,MRT,2005,43.33
108,Mauritius,1.21M,1.22M,1.23M,1.23M,1.24M,1.25M,1.26M,1.26M,1.27M,1.28M,1.28M,1.28M,1.29M,1.29M,1.29M,1.29M,1.29M,1.29M,1.29M,1.3M,1.3M,1.3M,1.3M,1.3M,1.3M,1.3M,1.3M,1.3M,1.3M,1.31M,1.31M,1.31M,71.9,72.3,72.6,72.7,72.9,73.2,73.2,73.3,73.8,73.7,73.8,74.2,74.6,74.7,75.1,75.0,75.2,75.2,75.3,75.3,75.5,75.5,75.8,75.9,76.1,76.2,76.4,76.5,76.7,76.8,77.0,77.1,MUS,2005,1.11
109,Malawi,11M,11.2M,11.5M,11.8M,12.1M,12.4M,12.8M,13.1M,13.5M,13.9M,14.3M,14.7M,15.1M,15.6M,16M,16.5M,16.9M,17.4M,17.9M,18.4M,18.9M,19.4M,19.9M,20.4M,20.9M,21.5M,22M,22.6M,23.2M,23.8M,24.3M,24.9M,45.5,45.9,46.3,46.7,47.4,48.0,48.9,50.1,51.6,53.4,55.0,56.3,57.7,59.3,60.6,61.5,62.0,62.6,63.4,64.1,64.7,64.8,65.6,66.0,66.3,66.7,67.1,67.4,67.8,68.2,68.5,68.8,MWI,2005,149.13
110,Malaysia,22.4M,22.9M,23.5M,24.1M,24.7M,25.3M,25.9M,26.5M,27.1M,27.7M,28.2M,28.7M,29.2M,29.7M,30.1M,30.6M,31.1M,31.5M,32M,32.4M,32.8M,33.2M,33.6M,33.9M,34.3M,34.7M,35M,35.4M,35.7M,36.1M,36.4M,36.7M,72.1,73.0,73.3,73.5,73.5,73.8,74.1,74.4,74.5,74.3,74.2,74.4,74.6,74.8,75.3,75.1,75.0,75.0,75.1,75.2,75.0,75.1,75.3,75.5,75.6,75.7,75.9,76.0,76.2,76.3,76.4,76.6,MYS,2005,14.32
111,Namibia,1.78M,1.82M,1.86M,1.89M,1.92M,1.94M,1.96M,1.99M,2.01M,2.04M,2.07M,2.1M,2.13M,2.17M,2.2M,2.24M,2.28M,2.32M,2.36M,2.41M,2.45M,2.49M,2.53M,2.57M,2.6M,2.65M,2.69M,2.73M,2.78M,2.82M,2.87M,2.91M,55.2,53.9,53.1,52.5,52.1,52.4,53.5,55.3,57.4,59.2,60.1,60.9,61.9,62.9,63.3,63.3,63.5,63.7,64.1,64.7,65.2,65.4,65.9,66.3,66.6,66.9,67.2,67.5,67.8,68.1,68.4,68.6,NAM,2005,119.4
112,Niger,11.2M,11.6M,12M,12.5M,12.9M,13.4M,13.9M,14.4M,14.9M,15.5M,16M,16.6M,17.3M,18M,18.7M,19.4M,20.1M,20.9M,21.7M,22.6M,23.4M,24.3M,25.3M,26.2M,27.2M,28.2M,29.3M,30.4M,31.6M,32.8M,34M,35.2M,51.5,51.9,52.3,53.3,53.7,55.0,55.6,56.7,57.2,58.3,58.7,59.0,59.3,59.6,60.0,60.4,60.6,61.1,61.5,62.0,62.5,62.6,63.2,63.6,63.9,64.2,64.6,64.9,65.2,65.5,65.8,66.1,NER,2005,85.18
113,Nigeria,120M,123M,126M,130M,133M,137M,140M,144M,148M,152M,157M,161M,165M,170M,175M,179M,184M,189M,193M,198M,203M,208M,213M,219M,224M,229M,235M,240M,246M,251M,257M,263M,54.6,54.6,54.8,55.1,55.5,56.0,56.6,57.2,57.9,58.5,59.0,59.6,60.2,60.7,61.2,61.6,62.1,62.7,63.3,63.8,64.3,64.5,65.1,65.5,65.8,66.2,66.5,66.8,67.2,67.6,67.9,68.3,NGA,2005,83.78
114,Nicaragua,5.05M,5.12M,5.19M,5.26M,5.32M,5.39M,5.45M,5.53M,5.61M,5.69M,5.77M,5.86M,5.94M,6.03M,6.12M,6.21M,6.3M,6.39M,6.48M,6.57M,6.66M,6.76M,6.85M,6.95M,7.05M,7.14M,7.24M,7.33M,7.42M,7.51M,7.6M,7.69M,73.3,73.7,73.7,73.6,73.6,73.7,73.5,74.3,73.9,74.0,74.1,74.4,74.3,74.4,74.5,74.5,74.9,74.8,75.0,75.2,75.4,75.4,75.8,76.0,76.2,76.5,76.7,76.9,77.1,77.3,77.5,77.7,NIC,2005,7.03
115,Netherlands,15.8M,15.9M,16M,16.1M,16.1M,16.2M,16.3M,16.3M,16.4M,16.5M,16.5M,16.6M,16.7M,16.8M,16.9M,17M,17M,17.1M,17.2M,17.3M,17.4M,17.4M,17.5M,17.6M,17.6M,17.7M,17.7M,17.8M,17.8M,17.9M,17.9M,17.9M,78.1,78.3,78.4,78.6,78.9,79.3,79.6,80.0,80.3,80.5,80.8,81.0,81.1,81.2,81.4,81.6,81.7,81.7,81.7,81.7,81.7,81.0,82.0,82.2,82.3,82.5,82.6,82.8,82.9,83.0,83.2,83.3,NLD,2005,0.53
116,Norway,4.46M,4.49M,4.51M,4.54M,4.57M,4.59M,4.62M,4.66M,4.71M,4.77M,4.83M,4.89M,4.95M,5.02M,5.08M,5.14M,5.19M,5.24M,5.28M,5.31M,5.35M,5.38M,5.4M,5.43M,5.47M,5.51M,5.55M,5.59M,5.63M,5.67M,5.71M,5.75M,78.7,78.9,79.1,79.3,79.7,80.1,80.4,80.5,80.7,80.9,81.1,81.3,81.3,81.6,81.8,82.2,82.4,82.5,82.8,82.8,82.9,83.2,83.2,83.4,83.5,83.7,83.8,84.0,84.1,84.3,84.4,84.5,NOR,2005,0.65
117,Nepal,24.1M,24.6M,25M,25.3M,25.7M,26M,26.3M,26.5M,26.7M,26.9M,27M,27.2M,27.3M,27.3M,27.4M,27.5M,27.6M,27.9M,28.2M,28.5M,28.8M,29.3M,30M,30.5M,30.9M,31.2M,31.6M,31.9M,32.2M,32.5M,32.8M,33.1M,64.8,65.4,66.1,66.2,67.0,67.2,67.7,68.0,68.3,68.5,68.8,69.0,69.2,69.5,69.7,69.9,69.3,70.4,70.6,70.8,71.1,71.1,71.6,71.9,72.2,72.4,72.6,72.9,73.1,73.3,73.5,73.7,NPL,2005,54.57
118,New Zealand,3.83M,3.86M,3.89M,3.95M,4.02M,4.08M,4.13M,4.18M,4.22M,4.26M,4.3M,4.35M,4.38M,4.41M,4.45M,4.51M,4.59M,4.67M,4.75M,4.84M,4.96M,5.06M,5.13M,5.19M,5.23M,5.27M,5.31M,5.35M,5.39M,5.43M,5.46M,5.5M,78.0,78.4,78.6,78.8,79.1,79.4,79.8,80.0,80.2,80.4,80.6,80.9,80.9,81.2,81.5,81.5,81.7,81.9,82.0,81.8,81.8,81.8,82.1,82.2,82.4,82.5,82.7,82.8,83.0,83.1,83.3,83.4,NZL,2005,0.37
119,Oman,2.31M,2.34M,2.37M,2.4M,2.43M,2.47M,2.52M,2.56M,2.61M,2.65M,2.7M,2.88M,3.21M,3.54M,3.82M,4.01M,4.19M,4.4M,4.54M,4.6M,4.6M,4.54M,4.52M,4.58M,4.64M,4.71M,4.78M,4.85M,4.91M,4.97M,5.03M,5.09M,68.8,69.1,69.5,69.6,69.8,70.2,70.3,70.1,69.9,70.0,70.2,70.4,70.8,71.5,71.9,72.3,72.4,72.6,72.9,73.6,74.0,72.7,74.4,74.6,74.7,74.9,75.1,75.3,75.5,75.7,75.9,76.1,OMN,2005,2.14
120,Pakistan,150M,154M,159M,163M,167M,171M,174M,178M,182M,186M,190M,194M,199M,202M,205M,208M,211M,214M,216M,220M,223M,227M,231M,236M,240M,245M,250M,255M,260M,264M,269M,274M,60.9,61.0,61.2,61.4,61.5,61.8,61.0,62.3,62.7,62.9,63.1,63.3,63.6,63.8,64.0,64.2,64.4,64.7,64.9,65.5,65.9,65.9,66.2,66.3,66.5,66.6,66.7,66.9,67.0,67.2,67.3,67.4,PAK,2005,87.94
121,Panama,2.94M,3M,3.06M,3.12M,3.18M,3.24M,3.31M,3.37M,3.43M,3.5M,3.56M,3.62M,3.69M,3.75M,3.82M,3.89M,3.96M,4.03M,4.1M,4.17M,4.23M,4.29M,4.35M,4.41M,4.47M,4.53M,4.59M,4.64M,4.7M,4.76M,4.81M,4.86M,77.3,78.0,78.1,78.1,78.0,78.2,78.2,78.2,78.5,78.4,78.4,78.5,78.7,78.6,78.7,78.9,79.3,79.5,79.6,79.9,80.0,77.0,80.4,80.6,80.7,80.9,81.1,81.3,81.4,81.6,81.8,82.0,PAN,2005,7.29
122,Peru,26.3M,26.7M,27M,27.3M,27.6M,27.9M,28.1M,28.4M,28.6M,28.8M,29M,29.2M,29.5M,29.7M,30M,30.4M,30.7M,31.1M,31.6M,32.2M,32.8M,33.3M,33.7M,34M,34.4M,34.7M,35M,35.4M,35.7M,36M,36.4M,36.7M,74.4,74.6,75.5,75.9,76.0,76.7,77.2,77.7,78.3,78.5,77.4,77.3,77.7,78.0,78.4,78.9,79.4,79.6,79.8,80.0,80.3,77.4,80.7,80.9,81.1,81.3,81.5,81.7,82.0,82.2,82.4,82.6,PER,2005,11.31
123,Philippines,76.2M,78M,79.6M,81.3M,82.9M,84.6M,86.3M,87.9M,89.6M,91.3M,92.9M,94.6M,96.3M,98M,99.7M,101M,103M,105M,107M,109M,110M,112M,114M,116M,117M,119M,121M,123M,124M,126M,128M,129M,70.5,70.3,70.2,70.2,70.3,70.4,70.3,70.2,70.5,70.4,70.4,70.6,70.7,70.7,70.6,71.0,70.9,71.0,71.2,71.6,71.8,71.8,72.1,72.2,72.3,72.5,72.6,72.7,72.8,73.0,73.1,73.3,PHL,2005,52.26
124,Papua New Guinea,5.32M,5.51M,5.7M,5.89M,6.09M,6.29M,6.5M,6.71M,6.92M,7.14M,7.36M,7.58M,7.81M,8.03M,8.25M,8.46M,8.68M,8.9M,9.11M,9.33M,9.54M,9.75M,9.95M,10.1M,10.3M,10.5M,10.7M,10.9M,11.1M,11.3M,11.4M,11.6M,63.3,63.1,62.9,62.7,62.5,62.3,62.2,62.2,62.3,62.5,62.6,62.8,63.0,63.1,63.4,63.7,63.9,64.1,64.3,64.4,64.7,64.8,65.1,65.3,65.5,65.7,65.9,66.1,66.2,66.4,66.6,66.8,PNG,2005,37.32
125,Poland,38.4M,38.5M,38.7M,38.6M,38.6M,38.6M,38.6M,38.5M,38.5M,38.5M,38.6M,38.6M,38.6M,38.6M,38.6M,38.6M,38.6M,38.5M,38.5M,38.5M,38.5M,38.4M,38.3M,39.9M,41M,40.2M,39.6M,39.2M,39M,38.9M,38.8M,38.7M,73.2,73.9,74.3,74.7,74.9,75.0,75.2,75.3,75.4,75.6,75.9,76.5,76.8,76.9,77.2,77.6,77.6,77.9,78.0,78.0,78.1,76.7,78.4,78.6,78.7,78.9,79.0,79.2,79.4,79.5,79.7,79.9,POL,2005,1.87
126,North Korea,23.2M,23.4M,23.5M,23.6M,23.8M,23.9M,24.1M,24.2M,24.4M,24.5M,24.6M,24.7M,24.8M,24.9M,25M,25.1M,25.3M,25.4M,25.5M,25.6M,25.8M,25.9M,26M,26.1M,26.2M,26.2M,26.3M,26.4M,26.4M,26.5M,26.5M,26.6M,62.5,63.9,64.0,64.2,69.7,69.8,70.0,70.2,70.3,70.5,70.7,70.9,71.2,71.4,71.7,71.9,72.2,72.4,72.7,72.9,73.2,73.2,73.5,73.7,73.9,74.1,74.2,74.4,74.6,74.8,75.0,75.1,PRK,2005,17.52
127,Portugal,10.2M,10.3M,10.4M,10.4M,10.5M,10.5M,10.5M,10.5M,10.6M,10.6M,10.6M,10.6M,10.6M,10.5M,10.5M,10.4M,10.4M,10.3M,10.3M,10.3M,10.3M,10.3M,10.3M,10.3M,10.2M,10.2M,10.2M,10.2M,10.1M,10.1M,10.1M,10.1M,76.4,76.8,77.2,77.5,77.8,78.4,78.8,79.2,79.4,79.7,79.9,80.2,80.5,80.8,81.1,81.3,81.5,81.6,81.6,81.7,81.7,80.9,82.1,82.2,82.4,82.6,82.7,82.9,83.0,83.1,83.3,83.4,PRT,2005,1.79
128,Paraguay,5.03M,5.12M,5.21M,5.29M,5.35M,5.42M,5.48M,5.53M,5.59M,5.65M,5.7M,5.77M,5.84M,5.92M,6.01M,6.09M,6.18M,6.27M,6.36M,6.44M,6.53M,6.62M,6.7M,6.78M,6.86M,6.95M,7.03M,7.11M,7.19M,7.27M,7.35M,7.43M,75.5,75.6,76.0,76.1,75.8,75.2,75.6,75.6,76.0,76.0,75.8,75.7,76.0,76.2,76.0,76.4,76.5,76.1,76.3,76.5,76.6,75.7,76.8,76.9,77.0,77.1,77.2,77.3,77.5,77.6,77.7,77.8,PRY,2005,5.99
129,Palestine,3.04M,3.14M,3.23M,3.31M,3.38M,3.46M,3.54M,3.63M,3.72M,3.81M,3.9M,3.99M,4.09M,4.18M,4.28M,4.38M,4.48M,4.59M,4.7M,4.81M,4.91M,5.02M,5.13M,5.25M,5.37M,5.49M,5.62M,5.75M,5.87M,6M,6.13M,6.26M,71.9,70.2,69.6,68.8,70.0,69.8,71.1,69.6,71.6,69.3,69.8,73.7,73.7,73.9,74.8,74.5,74.3,74.5,74.7,74.7,74.8,73.6,75.1,75.3,75.5,75.6,75.8,75.9,76.1,76.3,76.4,76.6,PSE,2005,2.06
130,Qatar,613k,646k,679k,713k,749k,778k,849k,1.02M,1.23M,1.44M,1.61M,1.71M,1.8M,1.91M,2.04M,2.21M,2.41M,2.6M,2.71M,2.77M,2.81M,2.76M,2.69M,2.7M,2.72M,2.74M,2.76M,2.78M,2.8M,2.82M,2.84M,2.86M,70.6,71.2,71.5,71.5,71.7,72.2,72.3,72.1,72.2,72.5,72.8,73.4,73.9,74.3,74.7,74.9,75.5,75.7,75.9,76.1,76.3,76.2,76.5,76.7,76.8,77.0,77.1,77.3,77.4,77.5,77.7,77.8,QAT,2005,2.44
131,Romania,22M,21.9M,21.8M,21.7M,21.5M,21.3M,21.1M,20.9M,20.7M,20.6M,20.5M,20.3M,20.2M,20.1M,20.1M,20M,19.9M,19.8M,19.7M,19.6M,19.5M,19.4M,19.3M,19.7M,19.9M,19.6M,19.4M,19.3M,19.2M,19.1M,19.1M,19M,70.7,71.2,71.2,71.2,71.5,72.0,72.4,72.8,73.4,73.4,73.5,73.8,74.6,74.7,75.3,75.0,75.3,75.3,75.4,75.5,75.5,74.1,75.8,75.9,76.0,76.2,76.3,76.5,76.6,76.7,76.9,77.0,ROU,2005,7.22
132,Russia,147M,147M,146M,146M,145M,144M,144M,143M,143M,143M,143M,143M,143M,144M,144M,144M,145M,145M,145M,146M,146M,146M,145M,145M,144M,144M,143M,143M,143M,142M,142M,141M,66.2,65.6,65.5,65.4,65.2,65.5,65.0,66.5,67.5,67.7,68.7,68.8,70.0,70.5,70.9,71.0,71.5,72.0,72.9,73.0,73.0,71.2,73.3,73.4,73.5,73.6,73.7,73.9,74.0,74.2,74.3,74.4,RUS,2005,15.27
133,Rwanda,8.01M,8.11M,8.22M,8.37M,8.57M,8.79M,9.03M,9.27M,9.52M,9.78M,10M,10.3M,10.6M,10.8M,11.1M,11.4M,11.6M,11.9M,12.2M,12.5M,12.8M,13.1M,13.5M,13.8M,14.1M,14.4M,14.7M,15.1M,15.4M,15.7M,16M,16.4M,49.3,50.5,51.5,53.2,54.5,56.3,58.2,60.2,61.6,62.6,63.4,64.5,65.3,65.8,66.8,67.2,67.4,67.6,68.0,68.3,68.7,68.7,69.2,69.5,69.8,70.1,70.3,70.6,70.8,71.1,71.3,71.5,RWA,2005,137.13
134,Saudi Arabia,21M,21.5M,22.1M,22.6M,23.2M,23.7M,24.4M,25.4M,26.4M,27.4M,28.5M,29.4M,30.2M,30.8M,31.5M,32.1M,32.7M,33.4M,34.2M,35M,35.8M,36M,36M,36.4M,36.9M,37.5M,38M,38.5M,39M,39.5M,40M,40.5M,70.2,70.4,70.6,70.7,70.9,71.1,71.2,71.2,71.3,71.4,71.6,71.8,72.2,72.6,72.9,73.2,73.3,73.7,74.0,74.3,74.5,74.3,74.8,75.0,75.1,75.3,75.4,75.6,75.7,75.8,76.0,76.1,SAU,2005,17.58
135,Sudan,25.6M,26.3M,26.9M,27.6M,28.2M,28.8M,29.5M,30.3M,31.2M,32.1M,32.9M,33.7M,34.4M,35.2M,36M,37M,38.2M,39.4M,40.7M,42M,43.2M,44.4M,45.7M,46.9M,48.1M,49.4M,50.6M,51.9M,53.2M,54.4M,55.7M,57M,62.9,63.3,63.7,63.9,64.1,64.2,65.5,65.8,66.3,66.8,67.0,67.4,67.6,68.1,68.3,68.7,69.0,69.4,69.8,70.1,70.5,70.5,71.0,71.2,71.5,71.7,71.9,72.2,72.4,72.6,72.8,73.0,SDN,2005,10.75
136,Senegal,9.48M,9.7M,9.94M,10.2M,10.4M,10.7M,11M,11.3M,11.6M,11.9M,12.2M,12.5M,12.9M,13.2M,13.6M,14M,14.4M,14.8M,15.2M,15.6M,16M,16.4M,16.9M,17.3M,17.8M,18.2M,18.7M,19.2M,19.6M,20.1M,20.6M,21.1M,60.1,60.6,61.1,61.4,62.2,62.7,63.2,63.7,64.4,65.0,65.4,65.7,66.0,66.2,66.5,66.8,67.0,67.3,67.5,68.0,68.5,68.5,69.0,69.3,69.5,69.8,70.0,70.3,70.5,70.7,71.0,71.2,SEN,2005,69.96
137,Singapore,3.97M,4.05M,4.12M,4.18M,4.23M,4.27M,4.34M,4.49M,4.66M,4.84M,5.01M,5.16M,5.28M,5.38M,5.48M,5.57M,5.65M,5.71M,5.76M,5.81M,5.87M,5.91M,5.94M,5.98M,6.01M,6.05M,6.09M,6.13M,6.16M,6.19M,6.22M,6.25M,78.8,79.4,79.8,80.1,80.4,80.7,81.3,81.6,81.8,82.1,82.5,82.8,83.1,83.3,83.5,83.8,84.1,84.4,84.7,84.7,84.8,84.9,85.1,85.3,85.4,85.5,85.6,85.8,85.9,86.0,86.1,86.2,SGP,2005,2.15
138,Solomon Islands,419k,430k,440k,451k,461k,472k,482k,493k,505k,516k,528k,540k,554k,568k,582k,597k,613k,628k,644k,659k,675k,691k,708k,724k,740k,757k,773k,789k,806k,823k,839k,856k,57.0,57.0,56.9,56.9,56.9,56.8,56.8,56.9,56.8,57.1,57.1,57.4,57.6,57.9,58.0,58.1,58.4,58.6,58.8,59.0,59.2,59.2,59.4,59.5,59.6,59.7,59.8,59.9,60.0,60.1,60.2,60.3,SLB,2005,18.46
139,Sierra Leone,4.48M,4.58M,4.86M,5.14M,5.35M,5.53M,5.68M,5.81M,5.94M,6.09M,6.26M,6.44M,6.61M,6.79M,6.96M,7.14M,7.31M,7.49M,7.68M,7.86M,8.05M,8.23M,8.42M,8.61M,8.79M,8.98M,9.17M,9.35M,9.54M,9.73M,9.92M,10.1M,50.0,51.6,52.2,52.4,52.6,52.9,53.3,53.7,54.1,54.7,55.3,56.0,56.6,57.4,58.2,57.1,58.7,60.0,60.2,61.2,61.8,61.9,62.6,63.0,63.4,63.8,64.2,64.6,65.0,65.3,65.7,66.1,SLE,2005,93.89
140,El Salvador,5.92M,5.96M,5.99M,6.01M,6.03M,6.04M,6.04M,6.03M,6.04M,6.07M,6.09M,6.11M,6.14M,6.16M,6.19M,6.21M,6.23M,6.25M,6.27M,6.28M,6.28M,6.29M,6.31M,6.34M,6.36M,6.4M,6.43M,6.45M,6.48M,6.51M,6.53M,6.55M,72.8,73.1,73.0,74.3,73.9,73.6,73.6,73.7,74.1,74.7,74.1,75.2,75.1,74.5,74.3,73.5,73.4,75.2,75.4,75.6,75.7,75.1,76.2,76.4,76.6,76.8,77.0,77.2,77.4,77.6,77.8,78.0,SLV,2005,2.36
141,Somalia,8.38M,8.72M,9.07M,9.41M,9.76M,10.1M,10.5M,10.8M,11.1M,11.4M,11.7M,12M,12.2M,12.4M,12.9M,13.3M,13.8M,14.3M,14.9M,15.4M,16M,16.5M,17.1M,17.6M,18.1M,18.7M,19.3M,19.9M,20.5M,21.1M,21.7M,22.3M,51.1,51.4,51.8,52.2,52.6,52.8,53.5,53.8,53.9,54.3,54.6,53.9,54.3,55.5,56.2,56.6,57.0,57.2,57.4,57.9,58.5,58.6,59.1,59.4,59.6,59.9,60.2,60.4,60.7,61.0,61.2,61.5,SOM,2005,275.3
142,Serbia,7.96M,7.94M,7.92M,7.9M,7.89M,7.86M,7.83M,7.79M,7.76M,7.72M,7.69M,7.65M,7.62M,7.59M,7.57M,7.54M,7.52M,7.49M,7.46M,7.43M,7.4M,7.36M,7.3M,7.22M,7.15M,7.1M,7.06M,7.01M,6.97M,6.93M,6.88M,6.83M,68.9,71.4,71.9,72.2,72.2,72.3,72.3,72.7,73.2,73.5,73.6,74.1,74.3,74.8,74.9,75.0,75.1,75.5,75.6,75.6,75.7,75.2,76.0,76.1,76.2,76.3,76.5,76.6,76.8,76.9,77.0,77.2,SRB,2005,2.28
143,South Sudan,5.85M,6.11M,6.39M,6.69M,6.99M,7.32M,7.66M,8.03M,8.42M,8.82M,9.23M,9.71M,10.2M,10.7M,11.1M,11.2M,11.2M,11.1M,10.7M,10.4M,10.4M,10.6M,10.7M,10.9M,11.1M,11.3M,11.5M,11.7M,11.9M,12.1M,12.3M,12.6M,56.3,57.0,57.7,58.1,58.4,58.9,59.3,59.2,59.6,60.0,59.8,60.6,60.5,61.1,60.8,60.9,61.6,62.0,62.3,63.0,63.7,63.9,64.3,64.6,64.9,65.2,65.4,65.7,66.0,66.2,66.5,66.8,SSD,2005,113.55
144,Sao Tome and Principe,142k,144k,146k,150k,154k,158k,162k,166k,170k,174k,178k,182k,186k,190k,194k,197k,201k,205k,208k,211k,215k,219k,223k,227k,232k,236k,241k,246k,250k,255k,260k,265k,64.6,65.0,65.5,65.9,66.2,66.5,66.7,67.2,67.6,67.9,68.6,69.0,69.3,69.3,69.4,69.8,70.0,70.2,70.4,70.7,70.9,70.7,71.3,71.5,71.7,71.8,72.0,72.2,72.4,72.5,72.7,72.9,STP,2005,31.66
145,Suriname,470k,479k,487k,496k,504k,511k,516k,522k,528k,534k,540k,546k,552k,558k,564k,570k,575k,581k,588k,594k,600k,607k,613k,618k,623k,629k,634k,640k,645k,650k,655k,660k,70.2,69.8,69.6,69.5,69.8,70.1,70.6,71.2,71.6,71.7,72.1,72.3,72.8,73.1,73.0,72.7,72.5,72.4,72.5,72.6,72.7,72.4,73.0,73.1,73.2,73.3,73.5,73.6,73.8,73.9,74.0,74.1,SUR,2005,2.64
146,Slovenia,1.99M,1.98M,1.98M,1.98M,1.99M,2M,2M,2.01M,2.02M,2.03M,2.05M,2.06M,2.07M,2.07M,2.07M,2.07M,2.08M,2.09M,2.1M,2.11M,2.11M,2.12M,2.12M,2.12M,2.12M,2.12M,2.12M,2.12M,2.11M,2.11M,2.11M,2.11M,75.8,76.3,76.3,76.8,77.0,77.4,78.1,78.3,78.6,79.1,79.4,79.7,80.0,80.2,80.5,81.3,81.0,81.3,81.3,81.4,81.4,80.4,81.7,81.9,82.0,82.2,82.3,82.5,82.6,82.8,82.9,83.1,SVN,2005,0.67
147,Sweden,8.85M,8.87M,8.9M,8.93M,8.96M,9M,9.05M,9.1M,9.16M,9.23M,9.3M,9.38M,9.47M,9.56M,9.65M,9.75M,9.85M,9.95M,10.1M,10.2M,10.3M,10.4M,10.5M,10.5M,10.6M,10.7M,10.7M,10.8M,10.8M,10.9M,11M,11M,79.8,80.0,80.2,80.3,80.5,80.7,81.0,81.1,81.3,81.5,81.7,81.9,82.0,82.1,82.3,82.5,82.5,82.6,82.7,82.7,82.8,82.0,83.1,83.3,83.4,83.6,83.7,83.9,84.0,84.2,84.3,84.4,SWE,2005,0.62
148,Eswatini,1.02M,1.03M,1.04M,1.05M,1.06M,1.07M,1.07M,1.08M,1.08M,1.09M,1.09M,1.1M,1.11M,1.11M,1.12M,1.13M,1.13M,1.14M,1.15M,1.16M,1.17M,1.18M,1.19M,1.2M,1.21M,1.22M,1.23M,1.25M,1.26M,1.28M,1.29M,1.31M,50.7,48.3,46.3,45.0,43.9,43.1,43.3,44.1,44.9,45.5,46.4,48.0,49.8,50.9,52.1,53.5,54.9,56.1,57.0,57.8,58.3,58.0,59.1,59.3,59.5,59.6,59.9,60.2,60.5,60.7,61.0,61.3,SWZ,2005,175.02
149,Seychelles,78.8k,80.1k,81.3k,82.4k,83.6k,84.7k,85.9k,87.1k,88.3k,89.6k,91k,92.4k,93.8k,95.3k,96.7k,98k,99.2k,101k,102k,103k,104k,106k,106k,107k,108k,108k,109k,109k,110k,110k,111k,111k,71.8,72.2,72.3,72.1,71.9,72.0,72.2,72.4,72.5,72.8,72.9,73.2,73.4,73.4,73.5,73.5,73.4,73.3,73.4,73.5,73.6,73.6,73.7,73.8,74.0,74.1,74.2,74.4,74.5,74.7,74.8,75.0,SYC,2005,6.6
150,Syria,15.9M,16.3M,16.7M,17.2M,17.6M,18.1M,18.6M,19.4M,20.7M,21.5M,21.8M,22.3M,22.7M,22.6M,21.5M,20.1M,19.2M,19M,19M,19.3M,20.1M,20.8M,21.3M,22.1M,23.2M,24.3M,25.4M,26.4M,27.4M,28.2M,29.1M,29.8M,70.9,71.6,72.4,72.8,73.8,74.1,74.4,74.5,74.6,74.4,74.7,74.7,72.8,65.8,66.4,63.6,65.5,64.3,68.3,73.2,73.9,74.4,75.8,76.7,77.4,78.0,78.5,78.8,79.1,79.3,79.4,79.6,SYR,2005,0.99
151,Chad,7.98M,8.26M,8.54M,8.84M,9.2M,9.61M,10M,10.4M,10.7M,11.1M,11.5M,11.9M,12.3M,12.8M,13.2M,13.7M,14.1M,14.6M,15.1M,15.6M,16.1M,16.6M,17.2M,17.7M,18.3M,18.8M,19.4M,20M,20.6M,21.2M,21.8M,22.5M,52.5,52.3,52.5,52.6,52.8,53.2,53.7,53.9,54.8,55.2,56.0,56.5,56.9,57.3,57.8,58.3,58.8,59.3,59.5,59.9,60.4,60.5,61.0,61.3,61.6,61.9,62.2,62.5,62.8,63.1,63.4,63.7,TCD,2005,137.98
152,Togo,4.87M,5.01M,5.15M,5.28M,5.42M,5.57M,5.71M,5.87M,6.05M,6.22M,6.4M,6.57M,6.75M,6.93M,7.11M,7.29M,7.47M,7.66M,7.85M,8.05M,8.24M,8.44M,8.64M,8.85M,9.05M,9.26M,9.47M,9.68M,9.9M,10.1M,10.3M,10.6M,56.5,56.4,56.3,56.3,56.4,56.7,56.9,57.5,57.8,58.1,58.7,59.5,60.2,60.8,61.3,61.8,62.4,63.0,63.8,64.5,65.0,65.2,65.7,66.0,66.3,66.7,66.9,67.2,67.5,67.8,68.0,68.3,TGO,2005,82.81
153,Thailand,62.4M,63.1M,63.6M,64.2M,64.8M,65.3M,65.8M,66.3M,66.8M,67.3M,67.8M,68.3M,68.7M,69.2M,69.6M,70M,70.3M,70.6M,70.9M,71.1M,71.3M,71.5M,71.6M,71.7M,71.8M,71.9M,72M,72M,72M,72.1M,72.1M,72.1M,71.4,71.8,72.8,73.1,73.6,73.7,74.8,75.4,76.0,76.5,76.9,77.0,77.4,77.7,78.0,78.1,78.2,78.0,78.2,78.3,78.4,78.5,78.8,79.0,79.1,79.3,79.5,79.7,79.8,80.0,80.2,80.4,THA,2005,16.08
154,Tajikistan,6.19M,6.27M,6.41M,6.54M,6.67M,6.8M,6.93M,7.06M,7.19M,7.32M,7.47M,7.62M,7.78M,7.96M,8.14M,8.33M,8.52M,8.73M,8.93M,9.13M,9.34M,9.54M,9.75M,9.95M,10.1M,10.3M,10.5M,10.7M,10.9M,11.1M,11.2M,11.4M,66.3,66.6,66.8,67.0,67.3,67.5,67.5,67.6,67.7,67.9,68.0,68.0,68.1,68.3,68.6,68.6,68.6,68.6,68.8,69.2,69.6,69.6,70.0,70.1,70.3,70.5,70.7,70.8,71.0,71.2,71.4,71.5,TJK,2005,16.46
155,Turkmenistan,4.5M,4.57M,4.64M,4.7M,4.76M,4.82M,4.89M,4.95M,5.02M,5.1M,5.18M,5.27M,5.36M,5.46M,5.56M,5.66M,5.77M,5.87M,5.97M,6.07M,6.16M,6.25M,6.34M,6.43M,6.52M,6.6M,6.68M,6.75M,6.83M,6.9M,6.97M,7.03M,65.5,66.3,66.7,66.6,66.5,66.2,65.8,66.2,66.6,67.3,68.8,69.5,69.6,69.8,69.8,69.9,70.0,70.3,70.5,70.6,70.8,70.9,71.1,71.2,71.3,71.5,71.6,71.7,71.8,72.0,72.1,72.2,TKM,2005,19.44
156,Tonga,102k,103k,103k,104k,104k,105k,106k,106k,107k,107k,107k,107k,108k,108k,107k,107k,106k,106k,105k,105k,105k,105k,106k,107k,108k,109k,110k,111k,111k,112k,113k,114k,70.6,70.7,71.0,71.0,71.1,71.4,72.0,72.1,72.1,72.1,70.0,72.2,72.3,72.4,72.5,72.5,72.6,72.7,72.8,72.9,73.0,73.0,73.2,73.3,73.5,73.6,73.7,73.8,73.9,74.0,74.1,74.3,TON,2005,7.86
157,Trinidad and Tobago,1.33M,1.33M,1.34M,1.35M,1.35M,1.36M,1.37M,1.38M,1.38M,1.39M,1.4M,1.41M,1.42M,1.43M,1.44M,1.45M,1.46M,1.47M,1.48M,1.5M,1.52M,1.52M,1.53M,1.53M,1.53M,1.54M,1.54M,1.54M,1.55M,1.55M,1.55M,1.55M,69.8,70.5,70.6,71.2,71.1,71.6,71.9,72.5,72.8,72.4,73.2,73.7,74.5,75.1,74.9,74.9,74.9,74.8,74.8,74.8,74.9,74.8,75.1,75.2,75.4,75.5,75.6,75.7,75.9,76.0,76.1,76.2,TTO,2005,1.85
158,Tunisia,9.79M,9.89M,10M,10.1M,10.2M,10.3M,10.4M,10.5M,10.6M,10.7M,10.8M,10.9M,11M,11.2M,11.3M,11.4M,11.6M,11.7M,11.8M,11.9M,12M,12.2M,12.3M,12.4M,12.5M,12.6M,12.7M,12.8M,12.9M,12.9M,13M,13.1M,74.0,74.3,74.5,74.7,74.9,75.1,75.4,75.5,75.7,75.9,76.0,76.2,76.2,76.5,76.7,76.8,77.0,77.2,77.3,77.5,77.7,77.0,78.1,78.3,78.5,78.7,78.8,79.0,79.2,79.4,79.6,79.8,TUN,2005,1.88
159,Turkey,63.2M,64.1M,65.1M,66M,66.9M,67.8M,68.7M,69.6M,70.5M,71.3M,72.2M,73.2M,74.2M,75.3M,76.6M,78.1M,79.6M,81M,82.1M,82.8M,83.5M,84.1M,84.8M,85.3M,85.8M,86.3M,86.7M,87.1M,87.6M,88M,88.4M,88.9M,72.8,74.7,75.0,75.2,75.7,76.3,76.8,77.0,77.1,77.0,76.8,76.7,76.8,77.0,77.0,77.1,77.4,77.5,77.8,78.1,78.4,77.8,78.9,79.1,79.3,79.5,79.7,80.0,80.2,80.4,80.6,80.8,TUR,2005,2.34
160,Taiwan,22.1M,22.2M,22.3M,22.5M,22.6M,22.7M,22.8M,22.9M,22.9M,23M,23M,23.1M,23.1M,23.2M,23.3M,23.4M,23.5M,23.6M,23.7M,23.7M,23.8M,23.8M,23.9M,23.9M,23.9M,24M,24M,24M,24M,24M,24M,24M,76.5,76.9,77.2,77.7,77.9,77.9,77.9,78.5,78.8,79.0,79.4,79.7,79.5,79.7,80.1,80.0,80.3,80.2,80.2,80.2,80.3,80.4,80.6,80.8,81.0,81.1,81.3,81.5,81.6,81.8,82.0,82.1,TWN,2005,5.36
161,Tanzania,33.5M,34.5M,35.4M,36.4M,37.3M,38.4M,39.4M,40.6M,41.7M,42.9M,44M,45.1M,46.4M,47.8M,49.3M,50.8M,52.5M,54.4M,56.3M,58.1M,59.9M,61.7M,63.6M,65.5M,67.4M,69.4M,71.4M,73.5M,75.5M,77.6M,79.7M,81.9M,53.0,53.4,54.0,54.6,55.3,55.9,56.5,57.3,58.5,59.6,60.3,61.1,61.7,62.7,63.7,64.5,65.1,65.5,66.0,66.7,67.2,67.3,67.9,68.1,68.4,68.6,68.9,69.2,69.4,69.7,70.0,70.2,TZA,2005,107.08
162,Uganda,23.3M,24M,24.8M,25.5M,26.4M,27.1M,27.9M,28.8M,29.6M,30.5M,31.4M,32.3M,33.3M,34.3M,35.3M,36.3M,37.5M,38.7M,40.1M,41.5M,42.9M,44.4M,45.9M,47.2M,48.6M,49.9M,51.3M,52.7M,54.1M,55.5M,56.9M,58.4M,49.1,49.6,50.3,51.0,51.8,52.6,53.9,55.5,56.5,57.6,58.5,59.3,60.4,61.4,62.4,63.2,63.9,64.0,65.0,65.7,66.2,66.4,66.9,67.2,67.5,67.8,68.1,68.4,68.7,69.0,69.2,69.5,UGA,2005,148.26
163,Ukraine,49.3M,48.9M,48.4M,48M,47.6M,47.3M,46.9M,46.6M,46.3M,46.1M,45.9M,45.7M,45.5M,45.4M,45.3M,45.1M,45M,44.8M,44.7M,44.4M,44.2M,43.9M,43.5M,39.7M,36.7M,37.9M,38.8M,39.1M,39M,38.8M,38.6M,38.3M,68.3,68.0,68.2,68.1,68.3,68.0,67.8,68.4,68.1,68.3,70.0,70.8,71.5,71.6,71.8,71.7,72.5,72.9,73.8,73.9,73.8,73.2,74.1,74.2,74.4,74.5,74.6,74.8,74.9,75.1,75.2,75.3,UKR,2005,11.17
164,Uruguay,3.28M,3.29M,3.3M,3.31M,3.31M,3.31M,3.32M,3.32M,3.33M,3.34M,3.34M,3.35M,3.36M,3.37M,3.38M,3.39M,3.4M,3.41M,3.42M,3.43M,3.43M,3.43M,3.43M,3.42M,3.42M,3.42M,3.42M,3.42M,3.42M,3.42M,3.42M,3.42M,74.4,74.8,75.0,75.0,75.0,75.2,75.5,75.9,75.7,76.2,76.5,76.5,76.4,76.5,76.8,77.1,77.1,77.3,77.3,77.5,77.5,77.3,77.8,78.0,78.1,78.3,78.4,78.6,78.7,78.8,79.0,79.2,URY,2005,1.59
165,United States,279M,282M,285M,288M,291M,294M,297M,300M,303M,306M,309M,311M,314M,317M,319M,322M,325M,327M,330M,332M,334M,336M,337M,338M,340M,342M,344M,345M,347M,349M,350M,352M,76.9,77.0,77.1,77.2,77.3,77.7,77.7,78.0,78.2,78.4,78.6,78.9,78.9,79.0,79.1,79.1,79.0,78.9,79.0,79.0,78.9,77.0,79.0,79.1,79.2,79.3,79.5,79.6,79.8,80.0,80.2,80.5,USA,2005,0.25
166,Uzbekistan,24.6M,24.9M,25.2M,25.6M,25.9M,26.2M,26.6M,26.9M,27.3M,27.7M,28.2M,28.6M,29.1M,29.5M,30M,30.4M,30.9M,31.5M,31.9M,32.4M,33M,33.5M,34.1M,34.6M,35.2M,35.7M,36.2M,36.6M,37.1M,37.5M,37.9M,38.3M,65.5,65.1,65.1,65.0,64.9,64.8,64.5,65.0,65.3,65.7,66.2,66.5,66.6,66.7,67.0,67.2,67.3,67.6,67.8,68.1,68.4,68.4,68.7,68.7,68.8,68.9,69.0,69.1,69.2,69.3,69.4,69.5,UZB,2005,21.7
167,Venezuela,24M,24.4M,24.9M,25.3M,25.8M,26.2M,26.7M,27.1M,27.5M,27.9M,28.3M,28.7M,29.1M,29.5M,29.8M,30.2M,30.5M,30.7M,30.6M,29.8M,29M,28.5M,28.2M,28.3M,28.8M,29.4M,29.9M,30.4M,30.9M,31.3M,31.7M,32M,70.3,74.2,74.1,74.0,73.5,74.6,75.0,74.8,74.6,74.4,74.6,75.3,75.4,75.2,75.5,75.6,75.7,75.6,75.5,75.4,75.0,75.1,75.1,75.3,75.5,75.7,76.0,76.2,76.5,76.7,77.0,77.1,VEN,2005,3.95
168,Vietnam,78.1M,79M,79.8M,80.6M,81.5M,82.3M,83.1M,84M,84.8M,85.6M,86.5M,87.4M,88.3M,89.3M,90.3M,91.2M,92.2M,93.1M,94M,94.9M,95.8M,96.6M,97.5M,98.2M,98.9M,99.5M,100M,101M,101M,102M,102M,103M,72.0,72.2,72.4,72.5,72.6,72.7,72.8,72.9,72.9,73.0,73.1,73.2,73.3,73.5,73.6,73.7,73.9,74.0,74.2,74.3,74.5,74.5,74.7,74.8,74.9,75.0,75.1,75.3,75.4,75.6,75.8,75.9,VNM,2005,41.29
169,Vanuatu,187k,192k,197k,202k,207k,212k,218k,223k,228k,234k,240k,245k,251k,257k,264k,270k,276k,283k,290k,297k,304k,312k,319k,327k,335k,342k,350k,358k,366k,374k,383k,391k,63.0,63.6,63.6,63.6,63.7,63.7,63.8,63.9,64.0,64.1,64.2,64.4,64.5,64.7,64.8,64.8,65.0,65.1,65.3,65.3,65.5,65.5,65.7,65.9,66.0,66.1,66.3,66.4,66.5,66.6,66.8,66.9,VUT,2005,29.25
170,Samoa,182k,184k,186k,187k,187k,188k,189k,189k,190k,192k,193k,195k,196k,198k,200k,202k,204k,206k,208k,210k,212k,215k,219k,222k,226k,229k,232k,235k,239k,242k,245k,249k,68.3,68.5,68.6,68.8,68.9,69.0,69.0,69.2,69.3,69.5,67.5,69.6,69.7,69.6,69.9,70.0,70.1,70.2,70.3,70.4,70.5,70.5,70.7,70.8,71.0,71.1,71.2,71.3,71.4,71.6,71.7,71.8,WSM,2005,11.53
171,Yemen,18.1M,18.6M,19.1M,19.7M,20.2M,20.7M,21.3M,22M,22.6M,23.3M,24M,24.7M,25.5M,26.2M,27M,27.8M,28.5M,29.3M,30M,30.8M,31.5M,32.3M,33M,33.7M,34.4M,35.2M,36M,36.8M,37.6M,38.3M,39.1M,39.9M,63.0,63.5,64.0,64.5,64.9,65.3,65.8,66.2,66.5,66.9,67.2,67.6,67.8,67.9,68.4,68.5,68.2,67.5,67.3,66.1,67.7,67.8,67.9,68.0,68.1,68.3,68.4,68.6,68.8,69.0,69.2,69.4,YEM,2005,10.21
172,South Africa,46.4M,46.8M,47.2M,47.7M,48.1M,48.6M,49M,49.5M,50M,50.6M,51.2M,51.8M,52.4M,53.1M,53.9M,54.7M,55.9M,56.4M,56.6M,57.3M,58.1M,58.8M,59.4M,59.9M,60.4M,61M,61.7M,62.3M,62.9M,63.5M,64.1M,64.7M,57.2,55.6,54.8,53.7,52.7,52.2,52.1,52.3,53.2,54.3,55.7,57.1,58.7,60.1,61.3,61.8,62.3,62.7,63.2,64.4,65.1,64.3,65.6,65.9,66.1,66.3,66.5,66.7,66.9,67.1,67.3,67.5,ZAF,2005,95.17
173,Zambia,9.62M,9.89M,10.2M,10.5M,10.8M,11.2M,11.6M,12M,12.4M,12.9M,13.3M,13.8M,14.3M,14.7M,15.2M,15.7M,16.2M,16.8M,17.3M,17.8M,18.4M,18.9M,19.5M,20M,20.6M,21.1M,21.7M,22.3M,22.9M,23.5M,24.1M,24.7M,45.3,45.3,45.2,45.9,46.6,47.7,48.7,50.0,51.9,54.1,55.7,56.5,57.5,58.5,59.5,60.2,60.8,61.4,61.9,62.5,63.2,63.1,63.8,64.0,64.2,64.4,64.7,64.9,65.2,65.4,65.6,65.9,ZMB,2005,183.67
174,Zimbabwe,11.7M,11.8M,11.9M,12M,12.1M,12.2M,12.2M,12.3M,12.5M,12.6M,12.7M,12.8M,13M,13.3M,13.6M,13.9M,14.2M,14.5M,14.8M,15.1M,15.4M,15.7M,16M,16.3M,16.7M,17M,17.4M,17.7M,18.1M,18.5M,18.8M,19.2M,48.5,47.5,47.0,46.6,46.4,46.4,46.8,47.4,48.2,48.9,50.2,52.3,54.4,56.0,57.2,58.0,58.6,59.2,59.9,60.6,61.0,60.7,61.5,61.7,61.9,62.1,62.4,62.6,62.8,63.1,63.3,63.6,ZWE,2005,160.28
