country,1999_pop,2000_pop,2001_pop,2002_pop,2003_pop,2004_pop,2005_pop,2006_pop,2007_pop,2008_pop,2009_pop,2010_pop,2011_pop,2012_pop,2013_pop,2014_pop,2015_pop,2016_pop,2017_pop,2018_pop,2019_pop,2020_pop,2021_pop,2022_pop,2023_pop,2024_pop,2025_pop,2026_pop,2027_pop,2028_pop,2029_pop,2030_pop,1999_le,2000_le,2001_le,2002_le,2003_le,2004_le,2005_le,2006_le,2007_le,2008_le,2009_le,2010_le,2011_le,2012_le,2013_le,2014_le,2015_le,2016_le,2017_le,2018_le,2019_le,2020_le,2021_le,2022_le,2023_le,2024_le,2025_le,2026_le,2027_le,2028_le,2029_le,2030_le,Code,Year,death_rate
Afghanistan,19300000.0,19500000.0,19700000.0,21000000.0,22600000.0,23600000.0,24400000.0,25400000.0,25900000.0,26400000.0,27400000.0,28200000.0,29200000.0,30500000.0,31500000.0,32700000.000000004,33800000.0,34600000.0,35600000.0,36700000.0,37800000.0,39000000.0,40100000.0,41100000.0,42200000.0,43400000.0,44500000.0,45700000.0,46800000.0,48000000.0,49200000.0,50300000.0,54.7,54.7,54.8,55.5,56.5,57.1,57.6,58.0,58.5,59.2,59.9,60.5,61.0,61.4,61.9,61.9,61.9,62.0,62.9,62.7,63.3,63.4,64.0,64.3,64.6,64.9,65.2,65.4,65.7,66.0,66.2,66.4,AFG,2005,44.07
Angola,15900000.0,16399999.999999998,16900000.0,17500000.0,18100000.0,18800000.0,19500000.0,20200000.0,20900000.0,21700000.0,22500000.0,23400000.0,24300000.0,25200000.0,26100000.0,27100000.0,28100000.0,29200000.0,30200000.0,31300000.0,32400000.0,33400000.0,34500000.0,35600000.0,36700000.0,37800000.0,38900000.0,40100000.0,41300000.0,42500000.0,43700000.0,44900000.0,51.9,52.8,53.4,54.5,55.1,55.5,56.4,57.0,58.0,58.8,59.5,60.2,60.8,61.4,62.1,63.0,63.5,63.9,64.2,64.6,65.1,65.2,65.8,66.1,66.4,66.8,67.1,67.4,67.7,68.0,68.3,68.6,AGO,2005,161.75
Albania,3210000.0,3180000.0,3150000.0,3120000.0,3090000.0,3060000.0,3030000.0,3000000.0,2980000.0,2950000.0,2930000.0,2910000.0,2900000.0,2890000.0,2890000.0,2880000.0,2880000.0,2880000.0,2880000.0,2880000.0,2870000.0,2870000.0,2850000.0,2840000.0,2830000.0,2830000.0,2820000.0,2820000.0,2810000.0,2800000.0,2800000.0,2790000.0,75.1,75.4,76.0,75.9,75.6,75.8,76.2,76.9,77.5,77.6,78.0,78.1,78.1,78.2,78.3,78.2,78.1,78.2,78.3,78.4,78.5,77.9,78.7,78.8,79.0,79.1,79.2,79.4,79.5,79.7,79.8,80.0,ALB,2005,0.54
United Arab Emirates,3100000.0,3280000.0,3450000.0,3630000.0,3810000.0,3990000.0,4280000.0,4900000.0,5870000.0,6990000.0,7990000.0,8480000.0,8580000.0,8660000.0,8750000.0,8840000.0,8920000.0,8990000.0,9070000.0,9140000.0,9210000.0,9290000.0,9370000.0,9440000.0,9520000.0,9590000.0,9670000.0,9740000.0,9810000.0,9870000.0,9940000.0,10000000.0,69.2,69.1,69.2,69.4,69.3,69.1,69.2,69.5,70.0,70.4,70.6,70.8,71.0,71.2,71.6,73.0,73.2,73.4,73.5,73.7,73.9,74.0,74.2,74.3,74.4,74.6,74.7,74.8,75.0,75.1,75.2,75.4,ARE,2005,4.76
Argentina,36700000.0,37100000.0,37500000.0,37900000.0,38300000.0,38700000.0,39100000.0,39500000.0,39900000.0,40300000.0,40700000.0,41100000.0,41500000.0,42000000.0,42400000.0,42800000.0,43300000.0,43700000.0,44100000.0,44400000.0,44700000.0,45000000.0,45300000.0,45500000.0,45800000.0,46100000.0,46300000.0,46600000.0,46900000.0,47200000.0,47400000.0,47700000.0,73.8,74.2,74.3,74.3,74.4,74.9,75.3,75.4,75.3,75.7,75.8,75.9,76.0,76.2,76.3,76.5,76.5,76.2,76.3,76.5,76.6,74.6,76.9,77.0,77.2,77.3,77.5,77.6,77.8,77.9,78.0,78.2,ARG,2005,2.12
Armenia,3210000.0,3170000.0,3130000.0,3110000.0,3080000.0,3070000.0,3050000.0,3030000.0,3000000.0,2980000.0,2960000.0,2950000.0,2930000.0,2910000.0,2900000.0,2890000.0,2880000.0,2870000.0,2850000.0,2840000.0,2820000.0,2810000.0,2790000.0,2780000.0,2780000.0,2780000.0,2780000.0,2780000.0,2770000.0,2770000.0,2760000.0,2760000.0,71.9,72.4,72.5,72.7,72.8,73.0,73.0,73.1,73.5,73.5,73.6,73.9,74.2,74.6,75.1,75.2,75.1,75.3,75.5,75.6,75.7,74.0,76.0,76.1,76.3,76.4,76.5,76.7,76.8,77.0,77.1,77.2,ARM,2005,4.52
Antigua and Barbuda,73800.0,75100.0,76200.0,77200.0,78100.0,78900.0,79900.0,80900.0,82000.0,83300.0,84500.0,85700.0,86700.0,87700.0,88500.0,89200.0,89900.0,90600.0,91100.0,91600.0,92100.0,92700.0,93200.0,93800.0,94300.0,94800.0,95300.0,95800.0,96300.0,96700.0,97100.0,97500.0,74.7,74.8,75.1,75.4,75.6,75.7,75.9,75.9,75.1,75.2,75.8,75.9,76.0,76.0,76.1,76.0,76.0,76.0,76.1,76.2,76.3,76.3,76.5,76.7,76.8,76.9,77.1,77.2,77.3,77.4,77.6,77.7,ATG,2005,0.6
Australia,18800000.0,19000000.0,19200000.0,19500000.0,19700000.0,19900000.0,20200000.0,20500000.0,20800000.0,21200000.0,21700000.0,22000000.0,22400000.0,22700000.0,23100000.0,23500000.0,23800000.0,24200000.0,24600000.0,25000000.0,25400000.0,25700000.0,25900000.0,26200000.0,26400000.0,26700000.0,27000000.0,27200000.0,27500000.0,27700000.0,28000000.0,28200000.0,79.4,79.7,80.1,80.3,80.6,80.9,81.2,81.5,81.5,81.7,81.9,82.1,82.3,82.6,82.7,82.7,82.7,83.0,83.0,82.9,82.9,82.9,83.2,83.3,83.5,83.6,83.7,83.8,84.0,84.1,84.2,84.3,AUS,2005,0.24
Austria,7990000.0,8010000.0,8039999.999999999,8080000.0,8119999.999999999,8170000.0,8230000.0,8270000.0,8289999.999999999,8320000.0,8340000.0,8359999.999999999,8390000.0,8430000.0,8480000.0,8550000.0,8640000.0,8740000.0,8800000.0,8840000.0,8880000.0,8910000.0,8920000.0,8940000.0,8960000.0,8980000.0,8990000.0,9010000.0,9020000.0,9040000.0,9050000.0,9050000.0,78.2,78.5,78.9,79.0,79.1,79.5,79.8,80.1,80.3,80.5,80.5,80.8,81.0,81.2,81.3,81.5,81.6,81.8,82.0,82.1,82.2,81.5,82.4,82.6,82.8,82.9,83.1,83.2,83.4,83.6,83.7,83.9,AUT,2005,0.4
Azerbaijan,8100000.0,8189999.999999999,8279999.999999999,8369999.999999999,8460000.0,8560000.0,8660000.0,8760000.0,8880000.0,9000000.0,9120000.0,9240000.0,9360000.0,9490000.0,9610000.0,9740000.0,9860000.0,9980000.0,10100000.0,10200000.0,10200000.0,10300000.0,10300000.0,10400000.0,10400000.0,10500000.0,10500000.0,10600000.0,10600000.0,10600000.0,10700000.0,10700000.0,66.2,66.5,67.1,67.2,67.1,67.2,67.3,67.7,68.2,68.5,68.8,69.0,69.2,69.5,69.7,69.9,70.2,70.3,70.4,70.8,71.0,70.4,71.2,71.3,71.4,71.5,71.6,71.7,71.8,71.9,72.0,72.1,AZE,2005,14.65
Burundi,6180000.0,6310000.0,6470000.0,6650000.0,6860000.0,7120000.0,7390000.0,7660000.0,7940000.0,8279999.999999999,8710000.0,9130000.0,9460000.0,9800000.0,10100000.0,10500000.0,10700000.0,10900000.0,11200000.0,11500000.0,11900000.0,12200000.0,12600000.0,12900000.0,13200000.0,13600000.0,13900000.0,14300000.0,14700000.0,15000000.0,15400000.0,15800000.0,44.3,44.7,45.8,46.9,47.9,49.2,50.3,54.5,55.7,56.8,57.7,58.5,59.4,60.2,60.8,61.4,61.8,62.4,63.0,63.4,63.8,64.0,64.5,64.9,65.2,65.5,65.8,66.2,66.5,66.8,67.1,67.4,BDI,2005,222.48
Belgium,10200000.0,10300000.0,10300000.0,10400000.0,10400000.0,10500000.0,10500000.0,10600000.0,10700000.0,10700000.0,10800000.0,10900000.0,11000000.0,11000000.0,11100000.0,11200000.0,11200000.0,11300000.0,11400000.0,11400000.0,11500000.0,11600000.0,11600000.0,11700000.0,11700000.0,11700000.0,11700000.0,11800000.0,11800000.0,11800000.0,11800000.0,11900000.0,77.8,78.0,78.3,78.5,78.7,79.1,79.3,79.6,79.8,79.9,80.0,80.2,80.4,80.5,80.7,81.0,81.1,81.3,81.4,81.4,81.4,80.2,81.7,81.9,82.0,82.2,82.3,82.5,82.6,82.8,83.0,83.1,BEL,2005,0.65
Benin,6790000.0,7000000.0,7210000.0,7430000.0,7660000.0,7890000.0,8150000.0,8400000.0,8650000.0,8910000.0,9170000.0,9450000.0,9730000.0,10000000.0,10300000.0,10600000.0,10900000.0,11300000.0,11600000.0,11900000.0,12300000.0,12600000.0,13000000.0,13400000.0,13700000.0,14100000.0,14500000.0,14800000.0,15200000.0,15600000.0,16000000.0,16399999.999999998,57.3,57.4,57.6,57.9,58.1,58.5,58.8,59.1,59.5,60.1,60.7,61.1,61.4,61.7,62.0,62.3,62.6,63.0,63.4,64.0,64.5,64.6,65.1,65.5,65.8,66.0,66.3,66.6,66.9,67.1,67.4,67.6,BEN,2005,63.9
Burkina Faso,11500000.0,11900000.0,12200000.0,12600000.0,13000000.0,13400000.0,13900000.0,14300000.0,14800000.0,15200000.0,15700000.0,16100000.000000002,16600000.000000002,17100000.0,17600000.0,18200000.0,18700000.0,19300000.0,19800000.0,20400000.0,21000000.0,21500000.0,22100000.0,22700000.0,23300000.0,23800000.0,24400000.0,25000000.0,25700000.0,26300000.0,26900000.0,27500000.0,52.1,52.5,52.9,53.4,54.0,54.6,55.3,56.0,56.5,57.1,57.6,57.9,58.3,58.6,58.9,59.4,59.9,60.3,60.8,61.3,61.7,61.8,62.5,62.9,63.3,63.6,64.0,64.4,64.7,65.1,65.4,65.7,BFA,2005,68.0
Bangladesh,127000000.0,129000000.0,132000000.0,134000000.0,137000000.0,139000000.0,141000000.0,143000000.0,144000000.0,145000000.0,147000000.0,148000000.0,150000000.0,152000000.0,154000000.0,156000000.0,158000000.0,160000000.0,162000000.0,164000000.0,166000000.0,167000000.0,169000000.0,171000000.0,173000000.0,175000000.0,176000000.0,178000000.0,180000000.0,181000000.0,183000000.0,184000000.0,65.1,65.5,66.0,66.3,66.7,67.1,67.4,67.8,68.2,69.0,69.6,70.0,71.1,72.3,72.8,73.0,73.6,73.9,73.9,74.2,74.5,74.7,75.1,75.4,75.7,76.0,76.2,76.5,76.7,77.0,77.2,77.4,BGD,2005,60.85
Bulgaria,8160000.0,8100000.0,8029999.999999999,7970000.0,7920000.0,7870000.0,7820000.0,7770000.0,7720000.0,7670000.0,7630000.0,7590000.0,7540000.0,7490000.0,7430000.0,7370000.0,7310000.0,7250000.0,7180000.0,7120000.0,7050000.0,6980000.0,6890000.0,6780000.0,6690000.0,6620000.0,6570000.0,6510000.0,6460000.0,6400000.0,6350000.0,6290000.0,70.0,70.2,70.4,70.7,70.9,71.0,71.1,71.2,71.5,71.9,72.1,72.3,72.7,73.0,73.3,73.0,73.2,73.3,73.3,73.3,73.3,71.8,73.6,73.7,73.8,74.0,74.1,74.2,74.4,74.5,74.6,74.7,BGR,2005,2.02
Bahrain,692000.0,711000.0,730000.0,748000.0,778000.0,833000.0,902000.0,971000.0,1040000.0,1110000.0,1180000.0,1210000.0,1210000.0,1220000.0,1260000.0,1310000.0,1360000.0,1410000.0,1460000.0,1490000.0,1490000.0,1480000.0,1460000.0,1470000.0,1490000.0,1500000.0,1510000.0,1520000.0,1540000.0,1550000.0,1560000.0,1570000.0,71.2,71.7,73.4,72.7,72.2,72.3,72.7,73.0,73.6,74.0,74.5,75.0,75.3,75.7,76.2,76.6,76.8,76.8,76.8,77.0,77.0,76.3,77.3,77.4,77.5,77.7,77.8,77.9,78.0,78.2,78.3,78.4,BHR,2005,4.3
Bahamas,320000.0,325000.0,330000.0,334000.0,338000.0,343000.0,348000.0,353000.0,358000.0,363000.0,368000.0,373000.0,378000.0,382000.0,386000.0,389000.0,393000.0,396000.0,399000.0,402000.0,405000.0,406000.0,408000.0,410000.0,413000.0,415000.0,418000.0,420000.0,423000.0,425000.0,428000.0,430000.0,70.8,71.3,71.3,71.9,72.4,72.4,73.2,73.0,73.6,73.5,73.2,73.2,73.2,73.3,73.5,73.6,73.3,73.7,73.8,73.8,73.4,72.3,73.6,73.7,73.8,73.9,74.0,74.1,74.2,74.3,74.5,74.6,BHS,2005,2.41
Bosnia and Herzegovina,4150000.0000000005,4179999.9999999995,4190000.0000000005,4200000.0,4179999.9999999995,4139999.9999999995,4090000.0,4059999.9999999995,4010000.0,3940000.0,3880000.0,3810000.0,3740000.0,3670000.0,3620000.0,3570000.0,3520000.0,3480000.0,3440000.0,3400000.0,3360000.0,3320000.0,3270000.0,3230000.0,3210000.0,3190000.0,3180000.0,3170000.0,3150000.0,3140000.0,3130000.0,3110000.0,75.4,75.5,75.3,75.1,75.3,75.5,75.3,75.6,75.3,75.9,76.1,76.3,76.4,76.7,76.6,76.7,76.5,76.7,76.8,76.9,77.0,75.4,77.3,77.4,77.6,77.7,77.9,78.0,78.2,78.3,78.5,78.6,BIH,2005,4.04
Belarus,10300000.0,10300000.0,10200000.0,10100000.0,10100000.0,10000000.0,9940000.0,9870000.0,9830000.0,9790000.0,9760000.0,9730000.0,9710000.0,9690000.0,9690000.0,9690000.0,9700000.0,9710000.0,9710000.0,9700000.0,9670000.0,9630000.0,9580000.0,9530000.0,9500000.0,9460000.0,9410000.0,9370000.0,9330000.0,9290000.0,9250000.0,9210000.0,68.2,69.0,68.6,68.0,68.6,69.0,68.8,69.5,70.4,70.5,70.6,70.6,70.5,72.3,72.8,73.1,73.7,73.8,73.8,74.0,74.0,73.5,74.3,74.4,74.5,74.7,74.8,74.9,75.0,75.2,75.3,75.5,BLR,2005,6.66
Belize,233000.0,240000.0,248000.0,256000.0,264000.0,272000.0,280000.0,289000.0,297000.0,306000.0,314000.0,322000.0,330000.0,337000.0,345000.0,352000.0,360000.0,367000.0,375000.0,382000.0,389000.0,395000.0,400000.0,405000.0,411000.0,417000.0,422000.0,428000.0,434000.0,439000.0,445000.0,450000.0,70.3,70.0,70.6,71.4,71.8,72.0,72.4,72.6,73.1,73.6,73.7,73.6,73.8,74.3,74.3,74.3,74.2,74.4,74.5,74.4,74.5,72.1,74.7,74.9,75.0,75.2,75.3,75.4,75.6,75.7,75.9,76.0,BLZ,2005,7.12
Bolivia,8440000.0,8590000.0,8750000.0,8900000.0,9060000.0,9220000.0,9380000.0,9540000.0,9710000.0,9880000.0,10100000.0,10200000.0,10400000.0,10600000.0,10700000.0,10900000.0,11100000.0,11300000.0,11400000.0,11600000.0,11800000.0,11900000.0,12100000.0,12200000.0,12400000.0,12600000.0,12700000.0,12900000.0,13100000.0,13300000.0,13500000.0,13600000.0,66.0,66.5,67.2,67.6,68.1,68.6,69.0,69.3,69.6,69.8,70.1,70.3,70.5,70.7,70.9,71.1,71.3,71.5,71.7,71.8,72.0,69.8,72.5,72.8,73.0,73.2,73.4,73.7,73.9,74.1,74.3,74.5,BOL,2005,34.25
Brazil,173000000.0,176000000.0,178000000.0,180000000.0,183000000.0,185000000.0,187000000.0,189000000.0,191000000.0,193000000.0,195000000.0,196000000.0,198000000.0,200000000.0,202000000.0,203000000.0,205000000.0,207000000.0,209000000.0,210000000.0,212000000.0,213000000.0,214000000.0,215000000.0,216000000.0,218000000.0,219000000.0,220000000.0,221000000.0,222000000.0,223000000.0,224000000.0,70.8,71.2,71.5,71.8,72.0,72.3,72.8,73.1,73.3,73.5,73.7,73.8,74.0,74.3,74.5,74.8,75.0,75.0,75.4,75.7,75.8,73.6,76.3,76.4,76.6,76.8,77.0,77.2,77.4,77.6,77.8,78.0,BRA,2005,4.36
Barbados,264000.0,265000.0,265000.0,266000.0,267000.0,269000.0,269000.0,270000.0,271000.0,273000.0,274000.0,275000.0,275000.0,276000.0,277000.0,277000.0,278000.0,279000.0,279000.0,280000.0,280000.0,281000.0,281000.0,282000.0,282000.0,282000.0,283000.0,283000.0,283000.0,283000.0,283000.0,283000.0,74.8,74.7,75.2,75.1,74.9,74.9,75.2,75.4,75.5,75.8,76.1,76.2,76.2,76.5,76.5,76.5,76.5,76.5,76.5,76.5,76.2,76.2,76.4,76.6,76.7,76.8,77.0,77.1,77.2,77.4,77.5,77.7,BRB,2005,0.59
Brunei,327000.0,334000.0,341000.0,347000.0,354000.0,360000.0,367000.0,373000.0,379000.0,385000.0,390000.0,396000.0,402000.0,407000.0,412000.0,417000.0,421000.0,426000.0,430000.0,434000.0,438000.0,442000.0,445000.0,449000.0,453000.0,456000.0,459000.0,462000.0,465000.0,468000.0,471000.0,473000.0,72.3,72.5,72.8,72.9,72.9,72.9,73.0,73.2,73.5,73.8,73.8,73.8,73.9,74.0,73.9,74.0,74.0,74.1,74.1,74.2,74.4,74.4,74.6,74.8,74.9,75.0,75.2,75.3,75.4,75.6,75.7,75.8,BRN,2005,13.58
Bhutan,571000.0,587000.0,603000.0,619000.0,635000.0,650000.0,663000.0,673000.0,682000.0,690000.0,698000.0,706000.0,713000.0,721000.0,729000.0,736000.0,743000.0,750000.0,756000.0,762000.0,767000.0,773000.0,777000.0,782000.0,787000.0,792000.0,797000.0,802000.0,807000.0,812000.0,817000.0,821000.0,66.0,65.7,67.1,67.7,68.2,68.6,69.0,69.5,69.9,70.3,70.5,71.0,71.3,71.6,71.8,72.1,72.3,72.5,72.7,73.0,73.2,73.3,73.8,74.1,74.3,74.6,74.8,75.1,75.3,75.5,75.7,76.0,BTN,2005,40.51
Botswana,1690000.0,1730000.0,1760000.0,1800000.0,1830000.0,1860000.0,1890000.0,1930000.0,1970000.0,2009999.9999999998,2049999.9999999998,2089999.9999999998,2130000.0,2180000.0,2220000.0,2260000.0,2310000.0,2350000.0,2400000.0,2450000.0,2500000.0,2550000.0,2590000.0,2630000.0,2680000.0,2720000.0,2760000.0,2810000.0,2850000.0,2890000.0,2930000.0,2970000.0,46.4,45.5,45.0,44.9,45.7,47.5,49.9,51.4,53.4,54.7,56.1,57.0,57.8,58.6,59.4,60.1,60.6,61.2,61.5,61.8,62.3,61.6,62.5,62.6,62.7,62.7,62.8,62.9,63.1,63.2,63.3,63.4,BWA,2005,103.15
Central African Republic,3660000.0,3760000.0,3840000.0,3930000.0,4030000.0000000005,4120000.0,4210000.0,4290000.0,4380000.0,4470000.0,4560000.0,4660000.0,4730000.0,4770000.0,4800000.0,4800000.0,4820000.0,4900000.0,5000000.0,5090000.0,5210000.0,5340000.0,5460000.0,5580000.0,5740000.0,5920000.0,6100000.0,6290000.0,6480000.0,6690000.0,6890000.0,7100000.0,43.8,43.8,43.9,44.2,44.5,44.8,45.2,45.6,46.1,46.8,47.4,47.8,48.3,48.8,47.5,47.5,49.7,50.3,50.4,51.5,52.4,52.4,53.1,53.4,53.6,53.9,54.2,54.5,54.8,55.1,55.4,55.7,CAF,2005,327.3
Canada,30400000.0,30700000.0,31000000.0,31300000.0,31600000.0,31900000.0,32200000.000000004,32500000.0,32900000.0,33200000.000000004,33600000.0,34000000.0,34300000.0,34700000.0,35100000.0,35400000.0,35700000.0,36100000.0,36600000.0,37000000.0,37500000.0,37900000.0,38200000.0,38500000.0,38800000.0,39100000.0,39400000.0,39800000.0,40100000.0,40400000.0,40700000.0,41000000.0,79.1,79.4,79.6,79.8,80.0,80.2,80.4,80.7,80.9,81.1,81.4,81.6,81.9,82.0,82.1,82.2,82.3,82.3,82.4,82.2,82.2,81.5,82.5,82.6,82.8,82.9,83.1,83.2,83.4,83.5,83.7,83.8,CAN,2005,0.29
Switzerland,7140000.0,7180000.0,7220000.0,7280000.0,7330000.0,7380000.0,7430000.0,7480000.0,7540000.0,7640000.0,7730000.0,7820000.0,7910000.0,8000000.0,8090000.0,8189999.999999999,8279999.999999999,8369999.999999999,8450000.0,8510000.0,8580000.0,8640000.0,8690000.0,8740000.0,8800000.0,8850000.0,8900000.0,8960000.0,9010000.0,9050000.0,9100000.0,9140000.0,80.1,80.3,80.6,80.9,81.1,81.4,81.7,81.9,82.2,82.4,82.5,82.8,83.0,83.1,83.3,83.5,83.6,83.8,83.9,83.9,84.0,83.2,84.3,84.4,84.5,84.6,84.8,84.9,85.0,85.1,85.3,85.4,CHE,2005,0.34
Chile,15200000.0,15400000.0,15500000.0,15700000.0,15900000.0,16000000.0,16200000.0,16300000.0,16500000.0,16700000.0,16800000.0,17000000.0,17200000.0,17300000.0,17500000.0,17700000.0,17900000.0,18100000.0,18400000.0,18700000.0,19000000.0,19300000.0,19500000.0,19600000.0,19600000.0,19700000.0,19700000.0,19700000.0,19800000.0,19800000.0,19900000.0,19900000.0,76.5,76.9,77.0,77.4,77.4,77.6,77.9,78.2,78.4,78.7,78.6,78.6,79.0,79.2,79.3,79.5,79.6,80.0,80.0,80.1,80.2,79.1,80.5,80.6,80.8,81.0,81.2,81.3,81.5,81.7,81.9,82.1,CHL,2005,3.93
China,1260000000.0,1260000000.0,1270000000.0,1280000000.0,1290000000.0,1300000000.0,1300000000.0,1310000000.0,1320000000.0,1330000000.0,1340000000.0,1350000000.0,1360000000.0,1370000000.0,1380000000.0,1390000000.0,1390000000.0,1400000000.0,1410000000.0,1420000000.0,1420000000.0,1420000000.0,1430000000.0,1430000000.0,1430000000.0,1430000000.0,1420000000.0,1420000000.0,1420000000.0,1420000000.0,1420000000.0,1420000000.0,71.2,71.3,71.7,72.0,72.3,72.5,73.0,73.7,74.2,74.3,74.7,74.9,75.3,75.7,76.1,76.4,76.8,77.0,77.2,77.4,77.6,77.7,78.0,78.1,78.3,78.4,78.6,78.8,78.9,79.1,79.3,79.4,CHN,2005,6.81
Cote d'Ivoire,16300000.0,16800000.0,17200000.0,17700000.0,18100000.0,18500000.0,19000000.0,19400000.0,19800000.0,20200000.0,20700000.0,21100000.0,21600000.0,22000000.0,22500000.0,23000000.0,23600000.0,24200000.0,24800000.0,25500000.0,26100000.0,26800000.0,27500000.0,28200000.0,28900000.0,29600000.0,30300000.0,31100000.0,31900000.0,32600000.0,33400000.0,34200000.0,51.0,51.1,51.5,51.7,52.1,52.6,53.5,54.4,55.3,56.3,57.0,57.4,57.8,58.8,59.4,60.2,61.1,62.0,62.8,63.6,64.3,64.4,64.9,65.2,65.5,65.8,66.0,66.3,66.6,66.8,67.1,67.3,CIV,2005,94.99
Cameroon,14700000.0,15100000.0,15500000.0,15900000.0,16399999.999999998,16800000.0,17300000.0,17800000.0,18300000.0,18800000.0,19300000.0,19900000.0,20400000.0,21000000.0,21600000.0,22300000.0,23000000.0,23700000.0,24400000.0,25100000.0,25800000.0,26500000.0,27200000.0,27900000.0,28600000.0,29400000.0,30200000.0,30900000.0,31700000.0,32500000.0,33299999.999999996,34100000.0,54.8,54.5,54.3,54.2,54.3,54.6,55.0,55.4,55.9,56.6,57.2,57.7,58.2,58.8,59.1,59.5,60.0,60.9,61.9,62.6,63.4,63.5,64.0,64.3,64.6,64.9,65.2,65.5,65.8,66.2,66.4,66.7,CMR,2005,80.0
Colombia,38600000.0,39200000.0,39800000.0,40500000.0,41100000.0,41600000.0,42200000.0,42800000.0,43300000.0,43800000.0,44300000.0,44800000.0,45300000.0,45800000.0,46200000.0,46700000.0,47100000.0,47600000.0,48400000.0,49300000.0,50200000.0,50900000.0,51500000.0,51900000.0,52100000.0,52300000.0,52600000.0,52900000.0,53200000.0,53500000.0,53800000.0,54100000.0,74.1,74.2,74.4,73.4,75.2,75.6,76.5,76.7,77.3,77.6,77.5,77.9,78.7,79.0,79.3,79.7,79.7,79.8,80.0,80.1,80.2,77.8,80.5,80.7,80.9,81.1,81.2,81.4,81.6,81.8,81.9,82.1,COL,2005,3.29
Comoros,526000.0,537000.0,548000.0,559000.0,570000.0,581000.0,593000.0,605000.0,617000.0,629000.0,642000.0,656000.0,670000.0,685000.0,699000.0,715000.0,730000.0,746000.0,762000.0,776000.0,791000.0,806000.0,822000.0,837000.0,852000.0,868000.0,883000.0,898000.0,914000.0,929000.0,944000.0,959000.0,61.2,61.4,62.2,62.5,63.3,63.8,64.1,64.4,64.5,65.3,64.8,65.9,65.7,66.3,66.7,67.2,67.5,67.9,68.2,68.5,68.7,68.8,69.2,69.4,69.6,69.8,70.0,70.2,70.4,70.6,70.8,70.9,COM,2005,97.77
Cape Verde,450000.0,458000.0,466000.0,473000.0,480000.0,487000.0,493000.0,499000.0,505000.0,510000.0,516000.0,521000.0,528000.0,534000.0,540000.0,546000.0,552000.0,558000.0,565000.0,571000.0,577000.0,583000.0,588000.0,593000.0,599000.0,604000.0,610000.0,616000.0,622000.0,627000.0,633000.0,639000.0,69.7,70.3,70.6,70.8,71.2,71.5,71.8,72.9,73.2,73.9,74.1,74.4,74.5,74.6,74.8,75.0,74.9,74.8,74.8,73.5,73.7,73.1,74.1,74.3,74.4,74.6,74.8,74.9,75.1,75.3,75.4,75.6,CPV,2005,24.44
Costa Rica,3900000.0,3980000.0,4050000.0,4120000.0,4190000.0000000005,4250000.0,4320000.0,4380000.0,4440000.0,4500000.0,4560000.0,4620000.0,4680000.0,4740000.0,4790000.0,4840000.0,4900000.0,4950000.0,4990000.0,5040000.0,5080000.0,5120000.0,5150000.0,5180000.0,5210000.0,5250000.0,5280000.0,5310000.0,5340000.0,5370000.0,5400000.0,5430000.0,77.3,77.9,77.9,78.4,78.5,78.6,79.4,79.1,80.3,80.3,80.6,79.5,80.2,80.3,80.4,80.5,80.2,79.8,79.8,80.0,80.1,78.9,80.5,80.6,80.8,81.0,81.2,81.4,81.5,81.7,81.9,82.1,CRI,2005,1.86
Cuba,11100000.0,11100000.0,11100000.0,11200000.0,11200000.0,11200000.0,11200000.0,11300000.0,11300000.0,11300000.0,11300000.0,11300000.0,11300000.0,11300000.0,11300000.0,11300000.0,11300000.0,11300000.0,11300000.0,11300000.0,11300000.0,11300000.0,11300000.0,11200000.0,11200000.0,11200000.0,11200000.0,11100000.0,11100000.0,11100000.0,11000000.0,11000000.0,76.6,77.0,77.2,77.9,77.8,77.8,77.7,78.4,78.5,78.4,78.5,78.5,79.1,78.8,78.8,78.7,78.4,78.5,78.3,78.3,78.7,78.7,78.9,79.0,79.1,79.2,79.4,79.6,79.7,79.9,80.1,80.3,CUB,2005,0.33
Cyprus,932000.0,948000.0,965000.0,982000.0,1000000.0,1020000.0,1040000.0,1060000.0,1070000.0,1090000.0,1110000.0,1130000.0,1150000.0,1160000.0,1170000.0,1180000.0,1190000.0,1200000.0,1210000.0,1220000.0,1230000.0,1240000.0,1240000.0,1250000.0,1260000.0,1270000.0,1280000.0,1280000.0,1290000.0,1300000.0,1310000.0,1310000.0,76.3,76.7,77.1,77.3,77.7,77.9,77.9,78.2,78.3,78.8,79.1,79.5,79.8,80.1,80.3,80.4,80.5,80.7,80.8,80.8,80.8,80.8,81.1,81.3,81.4,81.6,81.7,81.9,82.0,82.2,82.3,82.5,CYP,2005,0.53
Germany,81600000.0,81600000.0,81500000.0,81400000.0,81300000.0,81300000.0,81200000.0,81200000.0,81200000.0,81200000.0,81300000.0,81300000.0,81400000.0,81500000.0,81700000.0,81900000.0,82100000.0,82300000.0,82600000.0,82900000.0,83100000.0,83300000.0,83400000.0,83400000.0,83300000.0,83300000.0,83200000.0,83100000.0,83100000.0,83000000.0,82900000.0,82800000.0,78.1,78.4,78.7,78.8,78.9,79.3,79.6,79.9,80.0,80.2,80.3,80.5,80.7,80.8,80.8,81.0,80.9,81.0,81.1,81.2,81.2,81.0,81.5,81.7,81.8,82.0,82.1,82.3,82.5,82.6,82.8,82.9,DEU,2005,0.35
Djibouti,719000.0,742000.0,765000.0,789000.0,806000.0,818000.0,831000.0,847000.0,865000.0,883000.0,901000.0,919000.0,937000.0,954000.0,972000.0,989000.0,1010000.0,1020000.0,1040000.0,1060000.0,1070000.0,1090000.0,1110000.0,1120000.0,1140000.0,1150000.0,1170000.0,1180000.0,1200000.0,1220000.0,1230000.0,1250000.0,60.3,60.4,60.5,60.6,60.9,61.0,61.4,61.4,62.1,62.5,62.9,63.2,63.6,64.1,64.5,64.9,65.3,65.8,66.2,66.7,66.8,66.8,67.5,67.7,67.8,68.0,68.2,68.4,68.7,68.9,69.1,69.3,DJI,2005,118.48
Denmark,5320000.0,5340000.0,5360000.0,5380000.0,5400000.0,5420000.0,5440000.0,5460000.0,5480000.0,5500000.0,5530000.0,5550000.0,5580000.0,5600000.0,5630000.0,5650000.0,5680000.0,5710000.0,5740000.0,5770000.0,5800000.0,5830000.0,5850000.0,5880000.0,5910000.0,5940000.0,5970000.0,6000000.0,6020000.0,6050000.0,6080000.0,6100000.0,76.7,77.2,77.3,77.4,77.7,78.0,78.3,78.5,78.7,79.0,79.2,79.5,79.9,80.3,80.5,80.8,81.0,81.0,81.1,81.1,81.1,81.2,81.4,81.5,81.7,81.8,82.0,82.2,82.3,82.5,82.6,82.7,DNK,2005,0.46
Dominican Republic,8410000.0,8540000.0,8670000.0,8800000.0,8920000.0,9040000.0,9160000.0,9280000.0,9400000.0,9520000.0,9650000.0,9780000.0,9900000.0,10000000.0,10200000.0,10300000.0,10400000.0,10500000.0,10600000.0,10800000.0,10900000.0,11000000.0,11100000.0,11200000.0,11300000.0,11400000.0,11500000.0,11600000.0,11700000.0,11800000.0,11900000.0,12000000.0,73.4,73.7,73.8,73.9,73.5,72.6,72.6,72.7,72.9,73.3,73.4,73.5,73.4,72.9,72.3,72.2,72.0,72.1,72.5,72.9,73.2,72.7,73.5,73.7,73.8,74.0,74.2,74.3,74.5,74.6,74.8,75.0,DOM,2005,9.04
Algeria,30300000.0,30800000.0,31200000.0,31600000.0,32100000.0,32500000.0,33000000.0,33400000.0,34000000.0,34600000.0,35200000.0,35900000.0,36500000.0,37300000.0,38000000.0,38800000.0,39500000.0,40300000.0,41100000.0,41900000.0,42700000.0,43500000.0,44200000.0,44900000.0,45600000.0,46300000.0,46900000.0,47500000.0,48100000.0,48700000.0,49300000.0,49800000.0,70.7,71.0,71.3,71.8,72.0,72.6,72.9,73.3,73.6,73.9,74.2,74.5,74.7,74.9,75.1,75.3,75.4,75.7,75.9,76.0,76.2,76.2,76.6,76.7,76.9,77.1,77.3,77.4,77.6,77.8,77.9,78.1,DZA,2005,2.92
Ecuador,12400000.0,12600000.0,12800000.0,13100000.0,13300000.0,13500000.0,13800000.0,14000000.0,14300000.0,14500000.0,14700000.0,15000000.0,15200000.0,15500000.0,15700000.0,16000000.0,16200000.0,16399999.999999998,16700000.0,17000000.0,17300000.0,17600000.0,17800000.0,18000000.0,18200000.0,18400000.0,18600000.0,18700000.0,18900000.0,19100000.0,19300000.0,19500000.0,74.2,74.5,75.0,74.1,73.9,73.9,73.6,73.6,73.7,73.8,74.1,74.3,74.9,74.9,75.2,75.6,75.9,75.9,76.0,76.2,76.4,73.9,76.8,77.0,77.2,77.4,77.6,77.8,77.9,78.1,78.3,78.5,ECU,2005,11.39
Egypt,69900000.0,71400000.0,72900000.0,74400000.0,76000000.0,77500000.0,79100000.0,80600000.0,82200000.0,83800000.0,85500000.0,87300000.0,89200000.0,91200000.0,93400000.0,95600000.0,97700000.0,99800000.0,102000000.0,104000000.0,106000000.0,107000000.0,109000000.0,111000000.0,113000000.0,114000000.0,116000000.0,118000000.0,120000000.0,122000000.0,123000000.0,125000000.0,67.9,68.5,68.3,68.3,68.2,68.5,68.8,68.9,69.2,69.3,69.3,69.4,69.6,69.7,70.1,70.3,69.9,70.2,70.5,70.7,71.0,71.0,71.3,71.4,71.6,71.7,71.9,72.0,72.2,72.3,72.5,72.7,EGY,2005,2.09
Eritrea,2360000.0,2390000.0,2460000.0,2550000.0,2650000.0,2760000.0,2830000.0,2880000.0,2930000.0,3010000.0,3080000.0,3150000.0,3210000.0,3250000.0,3300000.0,3320000.0,3340000.0,3370000.0,3400000.0,3450000.0,3500000.0,3560000.0,3620000.0,3680000.0,3750000.0,3820000.0,3890000.0,3960000.0,4040000.0,4120000.0,4200000.0,4280000.0,47.3,54.8,56.1,56.6,57.0,57.4,57.7,58.3,58.7,59.1,59.6,60.0,60.4,60.9,61.3,61.8,62.2,62.6,63.0,63.4,63.8,64.0,64.5,64.8,65.1,65.4,65.7,65.9,66.2,66.5,66.7,67.0,ERI,2005,211.51
Spain,40500000.0,40700000.0,41000000.0,41500000.0,42200000.0,43000000.0,43700000.0,44400000.0,45200000.0,46000000.0,46400000.0,46600000.0,46700000.0,46800000.0,46600000.0,46500000.0,46400000.0,46500000.0,46600000.0,46800000.0,47100000.0,47400000.0,47500000.0,47600000.0,47500000.0,47500000.0,47400000.0,47400000.0,47300000.0,47200000.0,47200000.0,47100000.0,79.1,79.5,79.8,79.9,80.0,80.3,80.6,81.0,81.2,81.4,81.8,82.1,82.3,82.4,82.7,82.8,82.8,83.0,83.0,83.1,83.1,81.5,83.3,83.5,83.6,83.7,83.8,84.0,84.1,84.2,84.3,84.5,ESP,2005,0.78
Estonia,1400000.0,1400000.0,1390000.0,1380000.0,1370000.0,1360000.0,1350000.0,1350000.0,1340000.0,1340000.0,1330000.0,1330000.0,1330000.0,1320000.0,1320000.0,1310000.0,1310000.0,1320000.0,1320000.0,1320000.0,1330000.0,1330000.0,1330000.0,1330000.0,1320000.0,1320000.0,1310000.0,1310000.0,1310000.0,1300000.0,1300000.0,1290000.0,70.7,71.0,70.8,71.4,72.1,72.5,73.0,73.3,73.3,74.4,75.2,76.3,76.3,76.5,77.2,77.3,77.8,77.7,77.8,77.9,78.0,77.7,78.3,78.5,78.6,78.7,78.8,79.0,79.1,79.3,79.4,79.6,EST,2005,3.79
Ethiopia,65099999.99999999,67000000.0,69000000.0,71100000.0,73200000.0,75300000.0,77500000.0,79700000.0,82000000.0,84400000.0,86800000.0,89200000.0,91800000.0,94500000.0,97100000.0,99700000.0,102000000.0,105000000.0,108000000.0,111000000.0,114000000.0,117000000.0,120000000.0,123000000.0,127000000.0,130000000.0,133000000.0,136000000.0,139000000.0,143000000.0,146000000.0,149000000.0,50.8,51.1,53.3,54.2,55.0,55.9,57.0,58.2,59.5,60.8,61.9,63.0,64.0,64.9,65.6,66.3,66.8,67.4,67.9,68.4,68.8,69.0,69.6,69.9,70.3,70.6,71.0,71.3,71.6,71.9,72.2,72.4,ETH,2005,166.44
Finland,5170000.0,5180000.0,5190000.0,5200000.0,5210000.0,5230000.0,5250000.0,5270000.0,5290000.0,5310000.0,5340000.0,5360000.0,5390000.0,5410000.0,5440000.0,5460000.0,5480000.0,5500000.0,5510000.0,5520000.0,5520000.0,5530000.0,5540000.0,5540000.0,5550000.0,5550000.0,5550000.0,5560000.0,5560000.0,5560000.0,5560000.0,5570000.0,77.8,78.0,78.4,78.6,78.8,79.0,79.3,79.6,79.7,80.0,80.2,80.4,80.7,80.9,81.2,81.4,81.7,81.8,81.8,81.8,81.9,82.0,82.2,82.4,82.5,82.7,82.8,83.0,83.1,83.3,83.4,83.5,FIN,2005,0.89
Fiji,823000.0,833000.0,841000.0,850000.0,858000.0,867000.0,875000.0,883000.0,891000.0,897000.0,901000.0,905000.0,908000.0,911000.0,913000.0,916000.0,917000.0,918000.0,919000.0,919000.0,918000.0,920000.0,925000.0,930000.0,936000.0,943000.0,950000.0,957000.0,964000.0,972000.0,979000.0,986000.0,65.9,65.8,66.2,66.6,66.5,67.1,67.1,67.1,67.1,67.1,67.5,67.6,67.7,67.7,67.9,68.0,68.0,68.0,68.2,68.3,68.4,68.4,68.6,68.8,68.9,69.0,69.2,69.3,69.5,69.7,69.8,70.0,FJI,2005,8.03
France,58400000.0,58700000.0,59000000.0,59400000.0,59700000.0,60100000.0,60500000.0,60900000.0,61300000.0,61700000.0,62100000.0,62400000.0,62800000.0,63100000.0,63300000.0,63600000.0,63800000.0,64000000.0,64099999.99999999,64300000.0,64400000.00000001,64500000.0,64500000.0,64599999.99999999,64800000.0,64900000.00000001,65000000.0,65099999.99999999,65200000.0,65300000.0,65400000.00000001,65500000.0,78.9,79.2,79.3,79.5,79.7,80.3,80.6,80.8,81.1,81.2,81.4,81.6,81.8,82.0,82.3,82.6,82.5,82.8,82.9,82.9,82.9,82.2,83.1,83.3,83.4,83.5,83.7,83.8,83.9,84.0,84.2,84.3,FRA,2005,1.27
Gabon,1240000.0,1270000.0,1310000.0,1340000.0,1380000.0,1420000.0,1460000.0,1500000.0,1550000.0,1600000.0,1650000.0,1710000.0,1770000.0,1840000.0,1900000.0,1970000.0,2029999.9999999998,2089999.9999999998,2140000.0,2190000.0,2240000.0,2290000.0,2340000.0,2390000.0,2440000.0,2480000.0,2530000.0,2580000.0,2630000.0,2680000.0,2730000.0,2770000.0,59.8,59.6,59.5,59.8,59.8,60.2,61.1,61.7,62.0,62.2,62.7,63.3,63.7,64.5,65.3,65.9,66.3,66.6,67.0,67.5,67.8,67.8,68.2,68.4,68.5,68.7,68.8,69.0,69.2,69.3,69.5,69.7,GAB,2005,80.4
United Kingdom,58600000.0,58900000.0,59100000.0,59400000.0,59600000.0,60000000.0,60400000.0,60800000.0,61300000.0,61700000.0,62200000.0,62800000.0,63300000.0,63800000.0,64300000.0,64800000.0,65200000.0,65700000.0,66099999.99999999,66400000.00000001,66800000.0,67099999.99999999,67300000.0,67500000.0,67700000.0,68000000.0,68200000.0,68400000.0,68600000.0,68800000.0,69000000.0,69200000.0,77.6,78.0,78.3,78.5,78.6,79.0,79.3,79.5,79.8,80.0,80.3,80.6,80.8,80.9,81.0,81.1,81.0,81.1,81.2,81.0,81.1,79.4,81.3,81.4,81.6,81.7,81.9,82.0,82.2,82.3,82.5,82.7,GBR,2005,0.47
Georgia,4390000.0,4270000.0,4139999.9999999995,4059999.9999999995,4019999.9999999995,3990000.0,3960000.0,3930000.0,3910000.0,3880000.0,3860000.0,3840000.0,3820000.0,3800000.0,3790000.0,3770000.0,3770000.0,3770000.0,3770000.0,3770000.0,3770000.0,3770000.0,3760000.0,3740000.0,3730000.0,3720000.0,3710000.0,3700000.0,3690000.0,3680000.0,3670000.0,3660000.0,70.7,70.7,70.8,70.4,70.6,70.7,71.0,71.5,72.0,71.5,71.7,71.9,72.2,72.5,72.9,73.2,73.3,73.1,73.2,73.3,73.4,72.6,73.7,73.8,74.0,74.1,74.2,74.4,74.5,74.7,74.8,75.0,GEO,2005,5.64
Ghana,19200000.0,19700000.0,20200000.0,20800000.0,21300000.0,21900000.0,22500000.0,23100000.0,23700000.0,24300000.0,25000000.0,25600000.0,26200000.0,26900000.0,27500000.0,28200000.0,28900000.0,29600000.0,30200000.0,30900000.0,31500000.0,32200000.000000004,32799999.999999996,33500000.0,34100000.0,34800000.0,35400000.0,36100000.0,36800000.0,37400000.0,38100000.0,38800000.0,59.7,59.6,59.5,59.5,59.6,59.8,60.0,60.3,60.5,61.0,61.3,61.8,62.4,63.0,63.5,63.9,64.2,64.7,65.1,65.8,66.3,66.4,66.9,67.1,67.3,67.6,67.8,68.1,68.3,68.5,68.8,69.0,GHA,2005,97.22
Guinea,8170000.0,8340000.0,8450000.0,8580000.0,8770000.0,8960000.0,9140000.0,9330000.0,9550000.0,9780000.0,10000000.0,10300000.0,10500000.0,10800000.0,11100000.0,11300000.0,11600000.0,11900000.0,12200000.0,12600000.0,12900000.0,13200000.0,13500000.0,13900000.0,14200000.0,14500000.0,14900000.0,15200000.0,15600000.0,15900000.0,16300000.0,16600000.000000002,54.4,54.3,54.7,55.1,55.4,55.7,56.0,56.3,56.5,56.9,57.1,57.6,57.9,58.2,58.4,57.9,58.5,59.3,59.9,60.6,61.2,61.3,61.9,62.2,62.5,62.7,63.0,63.3,63.6,63.9,64.1,64.4,GIN,2005,83.76
Gambia,1400000.0,1440000.0,1480000.0,1520000.0,1570000.0,1610000.0,1660000.0,1710000.0,1760000.0,1820000.0,1880000.0,1940000.0,2000000.0,2060000.0,2120000.0,2190000.0,2250000.0,2320000.0,2380000.0,2440000.0,2510000.0,2570000.0,2640000.0,2710000.0,2770000.0,2840000.0,2910000.0,2980000.0,3050000.0,3120000.0,3190000.0,3260000.0,61.5,61.6,61.7,61.7,61.8,62.0,62.2,62.4,62.6,62.9,63.3,63.7,64.2,64.5,64.8,65.0,65.4,65.7,66.0,66.4,66.7,66.9,67.5,67.8,68.2,68.5,68.8,69.2,69.5,69.7,70.0,70.3,GMB,2005,96.78
Guinea-Bissau,1210000.0,1230000.0,1260000.0,1290000.0,1320000.0,1350000.0,1380000.0,1410000.0,1450000.0,1490000.0,1530000.0,1570000.0,1610000.0,1650000.0,1700000.0,1740000.0,1790000.0,1830000.0,1880000.0,1920000.0,1970000.0,2020000.0,2060000.0,2110000.0,2150000.0,2200000.0,2240000.0,2290000.0,2340000.0,2390000.0,2440000.0,2480000.0,50.0,51.5,51.8,52.1,52.4,52.7,52.8,53.6,54.3,54.8,55.5,56.2,56.9,57.4,57.9,58.3,58.8,59.3,59.8,60.3,61.0,61.0,61.6,61.9,62.2,62.5,62.8,63.1,63.4,63.7,64.0,64.3,GNB,2005,135.32
Equatorial Guinea,655000.0,685000.0,719000.0,754000.0,790000.0,826000.0,865000.0,905000.0,949000.0,995000.0,1040000.0,1090000.0,1140000.0,1190000.0,1240000.0,1300000.0,1350000.0,1400000.0,1450000.0,1500000.0,1550000.0,1600000.0,1630000.0,1670000.0,1710000.0,1750000.0,1800000.0,1840000.0,1880000.0,1920000.0,1960000.0,2000000.0,56.6,57.6,58.9,60.0,60.5,60.9,61.1,62.0,62.5,62.9,63.5,63.5,63.1,63.4,64.5,65.0,64.8,64.9,65.6,65.8,66.0,66.1,66.7,67.0,67.4,67.7,68.0,68.4,68.7,69.0,69.3,69.6,GNQ,2005,66.68
Greece,11000000.0,11000000.0,11100000.0,11100000.0,11100000.0,11100000.0,11100000.0,11100000.0,11100000.0,11100000.0,11100000.0,11000000.0,11000000.0,11000000.0,10900000.0,10900000.0,10800000.0,10700000.0,10700000.0,10600000.0,10600000.0,10500000.0,10400000.0,10400000.0,10300000.0,10300000.0,10300000.0,10200000.0,10200000.0,10100000.0,10100000.0,10100000.0,78.2,78.4,78.7,78.9,79.1,79.2,79.4,79.7,79.6,80.0,80.2,80.4,80.5,80.6,80.9,81.0,80.9,81.0,81.1,81.0,80.9,80.4,81.3,81.4,81.6,81.7,81.9,82.0,82.2,82.3,82.4,82.6,GRC,2005,0.72
Grenada,107000.0,107000.0,108000.0,108000.0,109000.0,110000.0,110000.0,111000.0,112000.0,112000.0,113000.0,114000.0,115000.0,116000.0,117000.0,118000.0,119000.0,120000.0,121000.0,122000.0,123000.0,124000.0,125000.0,125000.0,126000.0,127000.0,128000.0,128000.0,129000.0,129000.0,130000.0,130000.0,71.9,72.0,72.1,72.1,72.2,71.8,72.4,72.5,72.6,72.5,72.5,72.5,72.6,73.2,73.1,73.0,73.1,72.9,73.0,73.2,73.3,73.3,73.4,73.5,73.5,73.6,73.8,73.9,74.0,74.2,74.4,74.6,GRD,2005,0.85
Guatemala,11500000.0,11700000.0,12000000.0,12300000.0,12600000.0,12900000.0,13100000.0,13400000.0,13700000.0,14000000.0,14300000.0,14500000.0,14800000.0,15100000.0,15400000.0,15700000.0,16000000.0,16300000.0,16600000.000000002,16900000.0,17100000.0,17400000.0,17600000.0,17800000.0,18100000.0,18400000.0,18600000.0,18900000.0,19200000.0,19500000.0,19700000.0,20000000.0,66.4,66.7,67.2,67.8,68.1,68.4,68.4,68.9,69.5,69.9,69.9,70.3,70.7,71.1,71.3,71.6,71.8,72.0,72.3,72.4,72.6,71.5,73.0,73.2,73.4,73.6,73.8,74.0,74.2,74.4,74.6,74.8,GTM,2005,6.45
Guyana,758000.0,759000.0,760000.0,760000.0,761000.0,760000.0,760000.0,758000.0,757000.0,754000.0,751000.0,748000.0,744000.0,744000.0,747000.0,751000.0,755000.0,759000.0,763000.0,786000.0,799000.0,797000.0,805000.0,809000.0,814000.0,820000.0,825000.0,830000.0,835000.0,840000.0,844000.0,848000.0,64.1,64.0,63.9,63.9,64.1,64.3,64.4,65.0,65.2,65.3,65.9,65.8,65.7,65.7,66.0,66.0,66.4,66.7,66.9,67.1,67.3,66.8,67.5,67.6,67.7,67.8,67.9,68.0,68.1,68.2,68.3,68.4,GUY,2005,15.42
Honduras,6480000.0,6660000.0,6840000.0,7020000.0,7200000.0,7380000.0,7560000.0,7750000.0,7920000.0,8100000.0,8279999.999999999,8450000.0,8620000.0,8790000.0,8960000.0,9130000.0,9290000.0,9460000.0,9630000.0,9790000.0,9960000.0,10100000.0,10300000.0,10400000.0,10600000.0,10800000.0,10900000.0,11100000.0,11200000.0,11400000.0,11600000.0,11700000.0,69.9,70.1,70.2,70.4,70.5,70.7,70.9,71.1,71.2,71.3,71.3,71.1,71.0,69.3,69.6,69.9,69.9,71.5,71.7,71.9,72.1,70.7,72.4,72.6,72.7,72.9,73.1,73.2,73.4,73.5,73.7,73.9,HND,2005,12.73
Croatia,4610000.0,4550000.0,4510000.0,4480000.0,4460000.0,4440000.0,4430000.0,4420000.0,4410000.0,4390000.0,4380000.0,4370000.0,4350000.0,4330000.0,4310000.0,4280000.0,4250000.0,4220000.0,4190000.0000000005,4160000.0,4130000.0,4099999.9999999995,4059999.9999999995,4030000.0000000005,4010000.0,3990000.0,3960000.0,3940000.0,3920000.0,3900000.0,3870000.0,3850000.0,74.1,74.7,74.9,75.0,75.1,75.6,75.6,76.0,75.9,75.9,76.5,76.8,77.1,77.4,77.8,77.9,77.7,78.4,78.5,78.6,78.7,77.9,79.0,79.1,79.3,79.4,79.6,79.8,79.9,80.1,80.2,80.4,HRV,2005,1.89
Haiti,8210000.000000001,8359999.999999999,8510000.0,8660000.0,8810000.0,8960000.0,9110000.0,9270000.0,9420000.0,9580000.0,9730000.0,9840000.0,9950000.0,10100000.0,10300000.0,10400000.0,10600000.0,10700000.0,10900000.0,11000000.0,11200000.0,11300000.0,11400000.0,11600000.0,11700000.0,11900000.0,12000000.0,12200000.0,12300000.0,12400000.0,12600000.0,12700000.0,57.0,57.4,57.8,58.2,58.5,57.5,59.0,59.5,60.0,60.2,60.7,32.5,60.0,61.4,61.6,61.9,62.2,62.4,63.1,63.5,63.8,63.9,64.4,64.7,64.9,65.2,65.4,65.7,65.9,66.2,66.4,66.7,HTI,2005,22.32
Hungary,10200000.0,10200000.0,10200000.0,10100000.0,10100000.0,10100000.0,10100000.0,10100000.0,10000000.0,10000000.0,10000000.0,9990000.0,9950000.0,9920000.0,9890000.0,9870000.0,9840000.0,9820000.0,9790000.0,9780000.0,9770000.0,9750000.0,9710000.0,9970000.0,10200000.0,9990000.0,9870000.0,9790000.0,9740000.0,9710000.0,9680000.0,9640000.0,71.1,71.9,72.5,72.6,72.7,73.1,73.1,73.5,73.6,74.2,74.4,74.8,75.1,75.4,75.9,76.0,75.9,76.3,76.3,76.3,76.6,75.8,76.9,77.0,77.1,77.3,77.4,77.5,77.7,77.8,78.0,78.1,HUN,2005,0.99
Indonesia,211000000.0,214000000.0,217000000.0,220000000.0,223000000.0,226000000.0,229000000.0,232000000.0,235000000.0,238000000.0,241000000.0,244000000.0,247000000.0,250000000.0,253000000.0,256000000.0,259000000.0,262000000.0,264000000.0,267000000.0,270000000.0,272000000.0,274000000.0,276000000.0,278000000.0,280000000.0,282000000.0,284000000.0,286000000.0,288000000.0,290000000.0,292000000.0,67.0,67.2,67.5,67.7,67.8,66.3,68.3,68.4,68.7,68.9,69.1,69.3,69.6,69.8,70.0,70.2,70.4,70.7,70.9,71.1,71.4,71.4,71.8,71.9,72.1,72.3,72.4,72.6,72.8,73.0,73.1,73.3,IDN,2005,73.08
India,1040000000.0,1060000000.0,1080000000.0,1100000000.0,1120000000.0,1140000000.0,1150000000.0,1170000000.0,1190000000.0,1210000000.0,1220000000.0,1240000000.0,1260000000.0,1270000000.0,1290000000.0,1310000000.0,1320000000.0,1340000000.0,1350000000.0,1370000000.0,1380000000.0,1400000000.0,1410000000.0,1420000000.0,1430000000.0,1440000000.0,1450000000.0,1470000000.0,1480000000.0,1490000000.0,1500000000.0,1510000000.0,62.6,62.9,63.3,63.8,64.5,65.2,65.4,65.6,65.8,66.1,66.8,67.3,67.6,68.0,68.4,69.0,69.4,70.0,70.3,70.5,70.8,70.8,71.2,71.5,71.7,71.9,72.1,72.3,72.5,72.7,72.9,73.0,IND,2005,66.77
Ireland,3720000.0,3770000.0,3830000.0,3890000.0,3960000.0,4030000.0000000005,4120000.0,4230000.0,4360000.0,4450000.0,4500000.0,4520000.0,4540000.0,4560000.0,4590000.0,4620000.0,4670000.0,4720000.0,4770000.0,4830000.0,4900000.0,4950000.0,4990000.0,5020000.0,5060000.0,5090000.0,5120000.0,5150000.0,5180000.0,5210000.0,5240000.0,5270000.0,76.4,76.8,77.3,77.8,78.3,78.7,79.1,79.4,79.7,80.0,80.2,80.8,80.8,81.0,81.2,81.5,81.7,81.9,81.9,82.0,82.0,81.1,82.3,82.5,82.6,82.8,82.9,83.1,83.2,83.4,83.5,83.7,IRL,2005,0.71
Iran,64500000.0,65500000.0,66700000.0,67300000.0,68000000.0,69100000.0,70200000.0,71300000.0,72300000.0,73300000.0,74300000.0,75400000.0,76300000.0,77300000.0,78500000.0,80000000.0,81800000.0,83300000.0,84500000.0,85600000.0,86600000.0,87300000.0,87900000.0,88600000.0,89200000.0,89800000.0,90400000.0,91000000.0,91500000.0,92000000.0,92500000.0,92900000.0,71.6,71.9,72.2,72.5,71.8,73.2,73.5,74.0,74.4,74.8,75.1,75.5,75.8,76.0,76.2,76.5,76.7,77.1,77.3,77.6,77.8,76.2,78.2,78.3,78.5,78.7,78.9,79.1,79.3,79.5,79.6,79.8,IRN,2005,1.81
Iraq,23800000.0,24600000.0,25400000.0,26300000.0,27100000.0,27900000.0,28700000.0,28900000.0,28700000.0,29200000.0,30300000.0,31300000.0,32400000.0,33900000.0,35500000.0,36700000.0,37800000.0,38700000.0,39600000.0,40600000.0,41600000.0,42600000.0,43500000.0,44500000.0,45500000.0,46500000.0,47500000.0,48600000.0,49600000.0,50700000.0,51700000.0,52800000.0,68.3,68.6,69.0,69.3,68.1,68.3,67.7,66.6,67.2,69.3,70.1,70.6,71.0,71.3,70.9,69.9,70.7,70.9,71.5,73.3,73.3,72.1,73.6,73.7,73.8,74.0,74.1,74.3,74.4,74.5,74.7,74.8,IRQ,2005,8.88
Iceland,278000.0,281000.0,285000.0,288000.0,290000.0,292000.0,297000.0,304000.0,312000.0,318000.0,319000.0,318000.0,319000.0,321000.0,324000.0,328000.0,331000.0,336000.0,344000.0,353000.0,361000.0,367000.0,370000.0,373000.0,375000.0,378000.0,380000.0,382000.0,384000.0,386000.0,388000.0,390000.0,79.9,80.3,80.6,80.8,81.2,81.4,81.6,81.7,81.9,82.2,82.4,82.6,82.8,82.9,83.2,83.7,83.7,83.8,83.9,84.0,84.1,84.0,84.4,84.5,84.7,84.8,85.0,85.1,85.3,85.4,85.5,85.7,ISL,2005,0.51
Israel,5990000.0,6120000.0,6240000.0,6360000.0,6480000.0,6600000.0,6710000.0,6830000.0,6950000.0,7070000.0,7200000.0,7330000.0,7460000.0,7590000.0,7730000.0,7860000.0,8010000.0,8160000.0,8310000.000000001,8460000.0,8610000.0,8760000.0,8900000.0,9040000.0,9170000.0,9310000.0,9450000.0,9590000.0,9720000.0,9860000.0,10000000.0,10100000.0,78.7,78.9,79.0,78.9,79.5,79.9,80.3,80.4,80.8,81.0,81.4,81.9,82.0,82.3,82.5,82.0,82.7,83.0,83.0,83.0,83.0,82.0,83.3,83.5,83.6,83.7,83.9,84.0,84.2,84.3,84.4,84.5,ISR,2005,0.58
Italy,56900000.0,57000000.0,57000000.0,57100000.0,57400000.0,57900000.0,58200000.0,58400000.0,58800000.0,59200000.0,59600000.0,59800000.0,60000000.0,60200000.0,60300000.0,60300000.0,60200000.0,60100000.0,60000000.0,59900000.0,59700000.0,59500000.0,59200000.0,59000000.0,58900000.0,58700000.0,58500000.0,58300000.0,58100000.0,58000000.0,57700000.0,57500000.0,79.3,79.6,79.9,80.2,80.3,80.8,81.0,81.3,81.5,81.6,81.8,82.1,82.2,82.4,82.6,82.8,82.7,83.0,83.1,83.1,83.1,81.9,83.4,83.5,83.7,83.8,83.9,84.0,84.2,84.3,84.4,84.5,ITA,2005,0.41
Jamaica,2600000.0,2610000.0,2630000.0,2640000.0,2650000.0,2660000.0,2680000.0,2690000.0,2700000.0,2710000.0,2720000.0,2730000.0,2750000.0,2760000.0,2770000.0,2780000.0,2790000.0,2800000.0,2810000.0,2810000.0,2810000.0,2820000.0,2830000.0,2830000.0,2830000.0,2820000.0,2820000.0,2820000.0,2820000.0,2810000.0,2810000.0,2800000.0,74.5,74.6,74.7,75.5,76.3,76.8,77.4,77.5,76.3,75.2,74.6,76.3,75.8,77.0,77.1,76.3,76.1,76.2,76.3,76.3,76.3,76.2,76.5,76.6,76.7,76.8,77.0,77.1,77.2,77.3,77.5,77.6,JAM,2005,0.45
Jordan,4950000.0,5060000.0,5160000.0,5280000.0,5400000.0,5530000.0,5680000.0,6080000.0,6470000.0,6630000.0,6780000.0,6930000.0,7110000.0,7210000.0,7690000.0,8660000.0,9490000.0,9960000.0,10200000.0,10500000.0,10700000.0,10900000.0,11100000.0,11300000.0,11300000.0,11400000.0,11400000.0,11500000.0,11600000.0,11700000.0,11800000.0,11900000.0,72.5,72.9,73.0,73.3,73.8,74.0,74.1,74.5,75.5,76.2,76.7,76.9,77.2,77.5,77.9,78.1,78.2,78.1,78.2,77.9,78.2,76.9,78.5,78.7,78.8,79.0,79.1,79.2,79.4,79.5,79.7,79.8,JOR,2005,1.58
Japan,127000000.0,127000000.0,127000000.0,127000000.0,128000000.0,128000000.0,128000000.0,128000000.0,128000000.0,128000000.0,128000000.0,128000000.0,128000000.0,128000000.0,128000000.0,127000000.0,127000000.0,127000000.0,127000000.0,126000000.0,126000000.0,125000000.0,125000000.0,124000000.0,123000000.0,123000000.0,122000000.0,121000000.0,121000000.0,120000000.0,119000000.0,119000000.0,81.2,81.6,81.9,82.2,82.3,82.5,82.5,82.8,82.9,83.1,83.3,83.3,83.2,83.6,83.9,84.1,84.3,84.5,84.7,84.8,84.8,84.7,85.1,85.2,85.3,85.4,85.5,85.6,85.7,85.8,86.0,86.1,JPN,2005,1.54
Kazakhstan,15300000.0,15200000.0,15300000.0,15300000.0,15400000.0,15500000.0,15700000.0,15800000.0,16000000.0,16200000.0,16399999.999999998,16600000.000000002,16900000.0,17100000.0,17300000.0,17600000.0,17800000.0,18100000.0,18300000.0,18500000.0,18800000.0,19000000.0,19200000.0,19400000.0,19600000.0,19800000.0,20100000.0,20300000.0,20500000.0,20700000.0,20900000.0,21100000.0,64.8,64.7,64.7,64.7,64.6,64.6,64.6,64.8,65.3,66.3,67.3,67.6,68.1,68.6,69.4,70.1,70.6,71.1,71.5,71.7,71.9,71.2,72.3,72.3,72.4,72.5,72.6,72.7,72.8,73.0,73.1,73.2,KAZ,2005,24.0
Kenya,30000000.0,30900000.0,31800000.0,32799999.999999996,33800000.0,34800000.0,35800000.0,36900000.0,38000000.0,39200000.0,40400000.0,41500000.0,42600000.0,43700000.0,44800000.0,45800000.0,46900000.0,47900000.0,48900000.0,50000000.0,51000000.0,52000000.0,53000000.0,54000000.0,55100000.0,56200000.0,57300000.0,58500000.0,59600000.0,60800000.0,61900000.0,63100000.0,54.9,54.8,54.9,55.0,55.2,55.7,56.5,57.5,58.5,59.4,60.3,61.2,62.0,62.6,63.2,63.8,64.4,65.1,65.7,66.1,66.5,66.4,67.0,67.3,67.5,67.7,67.9,68.1,68.3,68.5,68.7,68.9,KEN,2005,102.89
Cambodia,11900000.0,12100000.0,12300000.0,12600000.0,12800000.0,13000000.0,13200000.0,13500000.0,13700000.0,13900000.0,14200000.0,14400000.0,14600000.0,14800000.0,15000000.0,15200000.0,15400000.0,15600000.0,15800000.0,16000000.0,16200000.0,16399999.999999998,16600000.000000002,16800000.0,16900000.0,17100000.0,17300000.0,17500000.0,17600000.0,17800000.0,17900000.0,18100000.0,60.0,60.4,60.9,61.5,62.2,62.9,63.7,64.5,65.2,65.9,66.5,66.9,67.4,67.9,68.2,68.6,68.9,69.2,69.4,69.7,69.9,70.0,70.3,70.5,70.8,70.9,71.1,71.3,71.5,71.7,71.9,72.0,KHM,2005,107.92
Kiribati,87300.0,88800.0,90500.0,92400.0,94300.0,96200.0,98200.0,100000.0,102000.0,104000.0,106000.0,108000.0,110000.0,112000.0,113000.0,115000.0,117000.0,119000.0,120000.0,122000.0,124000.0,126000.0,129000.0,131000.0,134000.0,136000.0,138000.0,140000.0,142000.0,145000.0,147000.0,149000.0,56.2,56.4,56.7,57.0,57.2,57.5,57.7,58.0,58.2,58.4,58.6,58.8,59.0,59.3,59.5,59.7,59.9,60.1,60.3,59.3,60.8,60.8,61.2,61.4,61.6,61.8,61.9,62.1,62.3,62.5,62.6,62.8,KIR,2005,117.57
South Korea,46500000.0,46800000.0,47100000.0,47300000.0,47500000.0,47700000.0,47900000.0,48000000.0,48200000.0,48400000.0,48600000.0,48800000.0,49200000.0,49600000.0,50100000.0,50600000.0,51000000.0,51300000.0,51500000.0,51700000.0,51800000.0,51800000.0,51800000.0,51800000.0,51800000.0,51700000.0,51700000.0,51600000.0,51600000.0,51500000.0,51400000.0,51300000.0,76.0,76.3,76.9,77.3,77.7,78.3,78.8,79.3,79.8,80.2,80.5,80.8,81.2,81.5,81.9,82.3,82.6,82.8,82.9,82.9,82.9,82.8,83.2,83.3,83.5,83.6,83.7,83.9,84.0,84.1,84.3,84.4,KOR,2005,9.0
Kuwait,1880000.0,1930000.0,1990000.0,2049999.9999999998,2100000.0,2150000.0,2240000.0,2360000.0,2510000.0,2650000.0,2800000.0,2940000.0,3140000.0,3390000.0,3650000.0,3760000.0,3910000.0,4050000.0,4120000.0,4320000.0,4440000.0,4360000.0,4250000.0,4270000.0,4310000.0,4350000.0,4390000.0,4420000.0,4460000.0,4490000.0,4530000.0,4560000.0,77.8,78.1,79.2,78.6,78.9,78.8,78.7,78.8,79.0,78.1,78.7,80.1,80.9,81.0,81.3,81.6,81.5,81.6,81.6,81.6,81.5,81.2,81.7,81.8,81.9,82.0,82.2,82.3,82.4,82.5,82.6,82.8,KWT,2005,3.19
Lebanon,4250000.0,4320000.0,4390000.0,4450000.0,4500000.0,4570000.0,4640000.0,4720000.0,4810000.0,4890000.0,4950000.0,5000000.0,5050000.0,5180000.0,5680000.0,6270000.0,6400000.0,6260000.0,6110000.0,5950000.0,5780000.0,5660000.0,5590000.0,5490000.0,5350000.0,5220000.0,5100000.0,4990000.0,4900000.0,4820000.0,4760000.0,4710000.0,74.6,74.8,75.1,75.3,75.3,75.4,75.4,75.1,75.5,75.4,75.5,75.6,75.7,75.7,75.8,75.8,75.9,76.1,76.2,76.2,76.6,76.2,76.8,76.9,77.0,77.2,77.3,77.5,77.6,77.8,78.0,78.2,LBN,2005,1.46
Liberia,2790000.0,2900000.0,2980000.0,3060000.0,3090000.0,3120000.0,3270000.0,3460000.0,3630000.0,3780000.0,3910000.0,4019999.9999999995,4179999.9999999995,4330000.0,4430000.0,4520000.0,4610000.0,4710000.0,4800000.0,4890000.0,4990000.0,5090000.0,5190000.0,5300000.0,5420000.0,5540000.0,5660000.0,5780000.0,5900000.0,6030000.0,6150000.0,6280000.0,53.8,54.8,55.7,55.4,55.5,58.5,59.2,60.0,60.6,61.1,61.5,61.9,62.4,62.9,63.4,59.9,62.5,64.5,65.1,65.7,66.1,66.2,66.7,67.0,67.2,67.5,67.7,68.0,68.2,68.4,68.7,68.9,LBR,2005,66.71
Libya,5060000.0,5150000.0,5280000.0,5410000.0,5540000.0,5690000.0,5840000.0,5970000.0,6100000.0,6230000.0,6360000.0,6490000.0,6190000.0,5870000.0,5990000.0,6100000.0,6190000.0,6280000.0,6380000.0,6480000.0,6570000.0,6650000.0,6740000.0,6810000.0,6890000.0,6960000.0,7040000.0,7110000.0,7180000.0,7250000.0,7320000.0,7390000.0,74.9,74.9,75.0,75.0,75.5,76.4,76.8,76.9,76.0,75.9,75.7,76.2,73.2,76.5,76.7,74.3,74.6,74.3,75.6,75.7,75.9,75.5,76.3,76.4,76.6,76.7,76.9,77.0,77.2,77.3,77.5,77.6,LBY,2005,1.89
Sri Lanka,18700000.0,18800000.0,18900000.0,19100000.0,19300000.0,19500000.0,19700000.0,19900000.0,20100000.0,20300000.0,20500000.0,20700000.0,20900000.0,21000000.0,21100000.0,21200000.0,21300000.0,21400000.0,21500000.0,21600000.0,21600000.0,21700000.0,21800000.0,21800000.0,21900000.0,21900000.0,22000000.0,22000000.0,22100000.0,22100000.0,22200000.0,22200000.0,71.6,71.5,72.6,73.4,73.4,69.0,73.3,73.6,74.0,73.3,73.4,74.0,75.3,75.5,76.0,76.1,76.4,76.6,76.8,77.2,77.3,77.3,77.6,77.8,78.0,78.1,78.3,78.5,78.6,78.8,79.0,79.1,LKA,2005,8.51
Lesotho,1990000.0,2000000.0,2000000.0,2000000.0,1990000.0,1990000.0,1980000.0,1980000.0,1980000.0,2000000.0,2009999.9999999998,2020000.0,2040000.0,2049999.9999999998,2069999.9999999998,2100000.0,2120000.0,2140000.0,2170000.0,2200000.0,2230000.0,2250000.0,2280000.0,2310000.0,2330000.0,2360000.0,2380000.0,2410000.0,2430000.0,2450000.0,2480000.0,2500000.0,50.2,48.5,47.3,46.1,45.0,44.2,43.9,44.2,45.1,46.3,47.4,48.1,48.2,47.9,47.9,47.9,48.5,49.6,50.8,51.4,51.8,52.0,52.6,53.0,53.3,53.7,54.0,54.4,54.8,55.1,55.5,55.8,LSO,2005,218.39
Lithuania,3630000.0,3600000.0,3560000.0,3520000.0,3470000.0,3420000.0,3370000.0,3320000.0,3270000.0,3220000.0,3180000.0,3140000.0,3100000.0,3060000.0,3030000.0,2990000.0,2960000.0,2930000.0,2900000.0,2880000.0,2850000.0,2820000.0,2790000.0,2750000.0,2720000.0,2690000.0,2670000.0,2650000.0,2620000.0,2600000.0,2580000.0,2560000.0,71.9,72.2,71.7,72.0,72.0,72.0,71.3,70.9,70.6,71.4,73.0,73.2,73.7,74.0,74.0,74.6,74.7,74.9,76.0,76.1,76.2,74.8,76.5,76.7,76.8,77.0,77.1,77.3,77.4,77.6,77.8,77.9,LTU,2005,8.56
Luxembourg,429000.0,436000.0,441000.0,446000.0,451000.0,458000.0,465000.0,472000.0,480000.0,489000.0,498000.0,507000.0,518000.0,531000.0,543000.0,556000.0,569000.0,583000.0,596000.0,608000.0,620000.0,630000.0,639000.0,648000.0,655000.0,662000.0,668000.0,674000.0,680000.0,686000.0,692000.0,697000.0,77.8,78.0,78.4,78.7,79.0,79.2,79.5,79.8,80.2,80.6,80.8,81.0,81.3,81.5,81.7,82.0,82.3,82.7,82.8,82.9,82.9,82.0,83.2,83.4,83.5,83.7,83.9,84.0,84.2,84.3,84.4,84.6,LUX,2005,0.32
Latvia,2430000.0,2390000.0,2360000.0,2330000.0,2290000.0,2260000.0,2230000.0,2200000.0,2180000.0,2150000.0,2130000.0,2100000.0,2080000.0,2049999.9999999998,2029999.9999999998,2009999.9999999998,1990000.0,1970000.0,1950000.0,1940000.0,1920000.0,1900000.0,1870000.0,1850000.0,1830000.0,1810000.0,1790000.0,1770000.0,1750000.0,1740000.0,1720000.0,1700000.0,70.1,70.7,70.1,70.5,71.0,71.3,70.9,70.5,70.9,72.1,72.9,73.3,73.9,74.2,74.2,74.7,75.1,75.7,75.8,75.8,75.9,75.9,76.1,76.3,76.4,76.5,76.7,76.8,76.9,77.1,77.2,77.3,LVA,2005,4.39
Morocco,28200000.0,28600000.0,28900000.0,29300000.0,29700000.0,30000000.0,30400000.0,30800000.0,31200000.0,31600000.0,32000000.0,32500000.0,32900000.0,33400000.0,33800000.0,34200000.0,34700000.0,35100000.0,35500000.0,35900000.0,36300000.0,36700000.0,37100000.0,37500000.0,37800000.0,38200000.0,38600000.0,38900000.0,39300000.0,39600000.0,39900000.0,40200000.0,68.9,69.5,69.9,70.3,70.3,70.5,70.8,71.0,71.2,71.4,71.6,71.9,72.1,72.3,72.1,72.3,72.5,72.8,72.9,73.1,73.3,73.0,73.8,74.0,74.2,74.4,74.6,74.8,75.0,75.1,75.3,75.5,MAR,2005,25.67
Moldova,4300000.0,4250000.0,4200000.0,4150000.0000000005,4090000.0,4050000.0,4000000.0,3940000.0,3880000.0,3810000.0,3750000.0,3680000.0,3600000.0,3510000.0,3420000.0,3340000.0,3280000.0,3230000.0,3180000.0,3140000.0,3110000.0,3080000.0,3060000.0,3270000.0,3440000.0,3330000.0,3250000.0,3210000.0,3190000.0,3190000.0,3180000.0,3170000.0,68.8,68.9,69.2,69.1,69.1,69.4,68.9,69.4,69.6,69.9,70.1,70.0,71.7,72.0,72.7,72.3,72.1,72.6,73.7,74.0,74.3,73.3,74.6,74.7,74.8,74.9,75.1,75.2,75.3,75.5,75.6,75.7,MDA,2005,11.24
Madagascar,15700000.0,16200000.0,16700000.0,17200000.0,17700000.0,18300000.0,18800000.0,19400000.0,19900000.0,20500000.0,21100000.0,21700000.0,22300000.0,23000000.0,23600000.0,24200000.0,24900000.0,25500000.0,26200000.0,26800000.0,27500000.0,28200000.0,28900000.0,29600000.0,30300000.0,31100000.0,31800000.0,32500000.0,33299999.999999996,34100000.0,34800000.0,35600000.0,59.1,59.5,60.0,60.0,60.3,60.6,61.1,61.5,61.9,62.1,62.3,62.6,62.9,63.2,63.5,63.8,64.2,64.5,64.8,65.1,65.5,65.6,66.2,66.5,66.8,67.1,67.4,67.7,68.0,68.2,68.5,68.7,MDG,2005,116.55
Maldives,278000.0,283000.0,287000.0,292000.0,297000.0,302000.0,307000.0,314000.0,325000.0,337000.0,349000.0,362000.0,374000.0,388000.0,401000.0,417000.0,436000.0,454000.0,472000.0,490000.0,505000.0,514000.0,521000.0,524000.0,521000.0,518000.0,515000.0,513000.0,512000.0,512000.0,512000.0,513000.0,71.6,72.2,72.8,73.7,74.4,73.9,75.8,76.3,76.8,77.2,77.5,77.8,78.0,78.3,78.5,78.7,78.9,78.9,78.9,79.0,79.1,79.1,79.6,79.9,80.2,80.4,80.7,81.0,81.2,81.4,81.7,81.9,MDV,2005,14.5
Mexico,96300000.0,97900000.0,99400000.0,101000000.0,102000000.0,104000000.0,105000000.0,107000000.0,108000000.0,110000000.0,111000000.0,113000000.0,114000000.0,116000000.0,117000000.0,119000000.0,120000000.0,122000000.0,123000000.0,124000000.0,125000000.0,126000000.0,127000000.0,128000000.0,128000000.0,129000000.0,130000000.0,131000000.0,132000000.0,133000000.0,134000000.0,135000000.0,73.7,74.2,74.6,74.6,74.7,75.0,75.0,75.3,75.6,75.2,75.0,75.3,75.5,75.7,75.5,75.6,75.7,75.5,75.5,75.5,75.6,73.0,75.8,75.9,76.0,76.2,76.3,76.5,76.7,77.0,77.2,77.4,MEX,2005,3.7
North Macedonia,2020000.0,2040000.0,2049999.9999999998,2060000.0,2069999.9999999998,2080000.0,2080000.0,2080000.0,2080000.0,2089999.9999999998,2089999.9999999998,2089999.9999999998,2100000.0,2100000.0,2100000.0,2110000.0,2110000.0,2110000.0,2110000.0,2110000.0,2110000.0,2110000.0,2100000.0,2089999.9999999998,2089999.9999999998,2080000.0,2080000.0,2080000.0,2080000.0,2080000.0,2080000.0,2069999.9999999998,71.4,71.5,71.4,71.5,71.7,72.2,72.5,72.3,72.4,72.9,73.0,73.4,73.7,73.7,74.0,74.0,74.0,73.8,74.1,74.3,74.4,72.8,74.6,74.8,74.9,75.0,75.2,75.3,75.4,75.5,75.7,75.8,MKD,2005,3.18
Mali,10900000.0,11200000.0,11600000.0,12000000.0,12300000.0,12800000.0,13200000.0,13600000.0,14100000.0,14600000.0,15000000.0,15500000.0,16000000.0,16500000.0,17000000.0,17600000.0,18100000.0,18700000.0,19300000.0,19900000.0,20600000.0,21200000.0,21900000.0,22600000.0,23300000.0,24000000.0,24800000.0,25500000.0,26300000.0,27100000.0,27900000.0,28700000.0,52.9,53.3,53.8,54.3,54.9,55.6,56.2,56.6,57.1,57.6,58.0,58.4,58.9,59.1,59.2,59.5,59.9,60.4,60.8,61.2,61.8,62.0,62.6,63.0,63.3,63.6,64.0,64.3,64.6,64.9,65.2,65.5,MLI,2005,69.1
Malta,396000.0,399000.0,402000.0,405000.0,407000.0,409000.0,410000.0,411000.0,412000.0,413000.0,416000.0,419000.0,424000.0,430000.0,438000.0,446000.0,457000.0,468000.0,479000.0,492000.0,504000.0,515000.0,527000.0,533000.0,535000.0,537000.0,538000.0,540000.0,541000.0,542000.0,543000.0,543000.0,78.6,78.8,79.0,79.1,79.3,79.6,80.0,80.3,80.4,80.6,80.8,81.1,81.2,81.4,81.6,81.8,82.2,82.3,82.4,82.5,82.6,82.3,82.9,83.0,83.2,83.3,83.5,83.6,83.8,83.9,84.1,84.2,MLT,2005,0.22
Myanmar,45000000.0,45500000.0,46000000.0,46500000.0,46900000.0,47300000.0,47700000.0,48100000.0,48400000.0,48700000.0,49000000.0,49400000.0,49800000.0,50200000.0,50600000.0,51100000.0,51500000.0,51900000.0,52300000.0,52700000.0,53000000.0,53400000.0,53800000.0,54200000.0,54600000.0,55000000.0,55300000.0,55700000.0,56000000.0,56400000.0,56700000.0,57000000.0,58.5,58.9,59.4,59.8,60.3,60.8,61.4,62.0,62.6,57.7,64.0,64.8,65.4,66.1,66.7,67.3,67.7,68.2,68.3,69.1,69.5,69.4,69.9,70.1,70.3,70.4,70.6,70.8,71.0,71.2,71.3,71.5,MMR,2005,87.31
Montenegro,634000.0,633000.0,633000.0,633000.0,632000.0,633000.0,633000.0,633000.0,632000.0,631000.0,631000.0,631000.0,632000.0,633000.0,634000.0,634000.0,634000.0,633000.0,632000.0,631000.0,630000.0,629000.0,628000.0,627000.0,626000.0,626000.0,626000.0,625000.0,624000.0,624000.0,623000.0,622000.0,73.6,73.7,73.8,73.9,73.8,73.8,73.8,73.9,74.1,74.3,74.4,74.7,74.9,75.2,75.1,75.2,75.3,75.4,75.5,75.6,75.9,74.4,76.1,76.3,76.4,76.6,76.7,76.9,77.0,77.2,77.3,77.4,MNE,2005,0.9
Mongolia,2430000.0,2450000.0,2470000.0,2490000.0,2520000.0,2540000.0,2560000.0,2580000.0,2610000.0,2630000.0,2670000.0,2700000.0,2740000.0,2790000.0,2850000.0,2900000.0,2960000.0,3030000.0,3100000.0,3160000.0,3230000.0,3290000.0,3350000.0,3400000.0,3450000.0,3490000.0,3540000.0,3580000.0,3620000.0,3660000.0,3700000.0,3740000.0,60.7,61.0,61.3,61.7,62.1,62.5,62.9,63.5,64.0,64.5,64.8,65.1,65.5,66.1,66.6,67.2,67.7,67.8,67.9,68.0,68.1,68.2,68.5,68.6,68.8,69.0,69.2,69.4,69.6,69.7,69.9,70.1,MNG,2005,24.45
Mozambique,17300000.0,17800000.0,18200000.0,18700000.0,19200000.0,19700000.0,20200000.0,20700000.0,21300000.0,21800000.0,22400000.0,23100000.0,23800000.0,24500000.0,25300000.0,26000000.0,26800000.0,27700000.0,28600000.0,29400000.0,30300000.0,31200000.0,32100000.0,33000000.0,33900000.0,34900000.0,35800000.0,36800000.0,37800000.0,38800000.0,39900000.0,40900000.0,52.4,52.2,52.3,52.2,52.1,52.1,52.1,52.3,52.8,53.4,53.5,53.5,53.6,53.6,54.0,54.9,55.8,56.6,57.3,57.9,58.4,58.4,59.3,59.6,59.9,60.2,60.5,60.9,61.3,61.6,61.9,62.2,MOZ,2005,194.54
Mauritania,2620000.0,2700000.0,2760000.0,2820000.0,2880000.0,2950000.0,3010000.0,3080000.0,3150000.0,3230000.0,3320000.0,3420000.0,3520000.0,3640000.0,3740000.0,3840000.0,3950000.0,4050000.0,4160000.0,4270000.0,4380000.0,4500000.0,4610000.0,4740000.0,4860000.0,4990000.0,5130000.0,5260000.0,5400000.0,5540000.0,5690000.0,5830000.0,63.1,63.6,64.1,64.5,65.0,65.5,65.8,66.5,66.9,67.4,67.8,68.1,68.4,68.7,69.0,69.3,69.6,69.9,70.2,70.5,70.8,70.7,71.2,71.4,71.6,71.8,72.0,72.2,72.3,72.5,72.7,72.8,MRT,2005,43.33
Mauritius,1210000.0,1220000.0,1230000.0,1230000.0,1240000.0,1250000.0,1260000.0,1260000.0,1270000.0,1280000.0,1280000.0,1280000.0,1290000.0,1290000.0,1290000.0,1290000.0,1290000.0,1290000.0,1290000.0,1300000.0,1300000.0,1300000.0,1300000.0,1300000.0,1300000.0,1300000.0,1300000.0,1300000.0,1300000.0,1310000.0,1310000.0,1310000.0,71.9,72.3,72.6,72.7,72.9,73.2,73.2,73.3,73.8,73.7,73.8,74.2,74.6,74.7,75.1,75.0,75.2,75.2,75.3,75.3,75.5,75.5,75.8,75.9,76.1,76.2,76.4,76.5,76.7,76.8,77.0,77.1,MUS,2005,1.11
Malawi,11000000.0,11200000.0,11500000.0,11800000.0,12100000.0,12400000.0,12800000.0,13100000.0,13500000.0,13900000.0,14300000.0,14700000.0,15100000.0,15600000.0,16000000.0,16500000.0,16900000.0,17400000.0,17900000.0,18400000.0,18900000.0,19400000.0,19900000.0,20400000.0,20900000.0,21500000.0,22000000.0,22600000.0,23200000.0,23800000.0,24300000.0,24900000.0,45.5,45.9,46.3,46.7,47.4,48.0,48.9,50.1,51.6,53.4,55.0,56.3,57.7,59.3,60.6,61.5,62.0,62.6,63.4,64.1,64.7,64.8,65.6,66.0,66.3,66.7,67.1,67.4,67.8,68.2,68.5,68.8,MWI,2005,149.13
Malaysia,22400000.0,22900000.0,23500000.0,24100000.0,24700000.0,25300000.0,25900000.0,26500000.0,27100000.0,27700000.0,28200000.0,28700000.0,29200000.0,29700000.0,30100000.0,30600000.0,31100000.0,31500000.0,32000000.0,32400000.0,32799999.999999996,33200000.000000004,33600000.0,33900000.0,34300000.0,34700000.0,35000000.0,35400000.0,35700000.0,36100000.0,36400000.0,36700000.0,72.1,73.0,73.3,73.5,73.5,73.8,74.1,74.4,74.5,74.3,74.2,74.4,74.6,74.8,75.3,75.1,75.0,75.0,75.1,75.2,75.0,75.1,75.3,75.5,75.6,75.7,75.9,76.0,76.2,76.3,76.4,76.6,MYS,2005,14.32
Namibia,1780000.0,1820000.0,1860000.0,1890000.0,1920000.0,1940000.0,1960000.0,1990000.0,2009999.9999999998,2040000.0,2069999.9999999998,2100000.0,2130000.0,2170000.0,2200000.0,2240000.0,2280000.0,2320000.0,2360000.0,2410000.0,2450000.0,2490000.0,2530000.0,2570000.0,2600000.0,2650000.0,2690000.0,2730000.0,2780000.0,2820000.0,2870000.0,2910000.0,55.2,53.9,53.1,52.5,52.1,52.4,53.5,55.3,57.4,59.2,60.1,60.9,61.9,62.9,63.3,63.3,63.5,63.7,64.1,64.7,65.2,65.4,65.9,66.3,66.6,66.9,67.2,67.5,67.8,68.1,68.4,68.6,NAM,2005,119.4
Niger,11200000.0,11600000.0,12000000.0,12500000.0,12900000.0,13400000.0,13900000.0,14400000.0,14900000.0,15500000.0,16000000.0,16600000.000000002,17300000.0,18000000.0,18700000.0,19400000.0,20100000.0,20900000.0,21700000.0,22600000.0,23400000.0,24300000.0,25300000.0,26200000.0,27200000.0,28200000.0,29300000.0,30400000.0,31600000.0,32799999.999999996,34000000.0,35200000.0,51.5,51.9,52.3,53.3,53.7,55.0,55.6,56.7,57.2,58.3,58.7,59.0,59.3,59.6,60.0,60.4,60.6,61.1,61.5,62.0,62.5,62.6,63.2,63.6,63.9,64.2,64.6,64.9,65.2,65.5,65.8,66.1,NER,2005,85.18
Nigeria,120000000.0,123000000.0,126000000.0,130000000.0,133000000.0,137000000.0,140000000.0,144000000.0,148000000.0,152000000.0,157000000.0,161000000.0,165000000.0,170000000.0,175000000.0,179000000.0,184000000.0,189000000.0,193000000.0,198000000.0,203000000.0,208000000.0,213000000.0,219000000.0,224000000.0,229000000.0,235000000.0,240000000.0,246000000.0,251000000.0,257000000.0,263000000.0,54.6,54.6,54.8,55.1,55.5,56.0,56.6,57.2,57.9,58.5,59.0,59.6,60.2,60.7,61.2,61.6,62.1,62.7,63.3,63.8,64.3,64.5,65.1,65.5,65.8,66.2,66.5,66.8,67.2,67.6,67.9,68.3,NGA,2005,83.78
Nicaragua,5050000.0,5120000.0,5190000.0,5260000.0,5320000.0,5390000.0,5450000.0,5530000.0,5610000.0,5690000.0,5770000.0,5860000.0,5940000.0,6030000.0,6120000.0,6210000.0,6300000.0,6390000.0,6480000.0,6570000.0,6660000.0,6760000.0,6850000.0,6950000.0,7050000.0,7140000.0,7240000.0,7330000.0,7420000.0,7510000.0,7600000.0,7690000.0,73.3,73.7,73.7,73.6,73.6,73.7,73.5,74.3,73.9,74.0,74.1,74.4,74.3,74.4,74.5,74.5,74.9,74.8,75.0,75.2,75.4,75.4,75.8,76.0,76.2,76.5,76.7,76.9,77.1,77.3,77.5,77.7,NIC,2005,7.03
Netherlands,15800000.0,15900000.0,16000000.0,16100000.000000002,16100000.000000002,16200000.0,16300000.0,16300000.0,16399999.999999998,16500000.0,16500000.0,16600000.000000002,16700000.0,16800000.0,16900000.0,17000000.0,17000000.0,17100000.0,17200000.0,17300000.0,17400000.0,17400000.0,17500000.0,17600000.0,17600000.0,17700000.0,17700000.0,17800000.0,17800000.0,17900000.0,17900000.0,17900000.0,78.1,78.3,78.4,78.6,78.9,79.3,79.6,80.0,80.3,80.5,80.8,81.0,81.1,81.2,81.4,81.6,81.7,81.7,81.7,81.7,81.7,81.0,82.0,82.2,82.3,82.5,82.6,82.8,82.9,83.0,83.2,83.3,NLD,2005,0.53
Norway,4460000.0,4490000.0,4510000.0,4540000.0,4570000.0,4590000.0,4620000.0,4660000.0,4710000.0,4770000.0,4830000.0,4890000.0,4950000.0,5020000.0,5080000.0,5140000.0,5190000.0,5240000.0,5280000.0,5310000.0,5350000.0,5380000.0,5400000.0,5430000.0,5470000.0,5510000.0,5550000.0,5590000.0,5630000.0,5670000.0,5710000.0,5750000.0,78.7,78.9,79.1,79.3,79.7,80.1,80.4,80.5,80.7,80.9,81.1,81.3,81.3,81.6,81.8,82.2,82.4,82.5,82.8,82.8,82.9,83.2,83.2,83.4,83.5,83.7,83.8,84.0,84.1,84.3,84.4,84.5,NOR,2005,0.65
Nepal,24100000.0,24600000.0,25000000.0,25300000.0,25700000.0,26000000.0,26300000.0,26500000.0,26700000.0,26900000.0,27000000.0,27200000.0,27300000.0,27300000.0,27400000.0,27500000.0,27600000.0,27900000.0,28200000.0,28500000.0,28800000.0,29300000.0,30000000.0,30500000.0,30900000.0,31200000.0,31600000.0,31900000.0,32200000.000000004,32500000.0,32799999.999999996,33100000.0,64.8,65.4,66.1,66.2,67.0,67.2,67.7,68.0,68.3,68.5,68.8,69.0,69.2,69.5,69.7,69.9,69.3,70.4,70.6,70.8,71.1,71.1,71.6,71.9,72.2,72.4,72.6,72.9,73.1,73.3,73.5,73.7,NPL,2005,54.57
New Zealand,3830000.0,3860000.0,3890000.0,3950000.0,4019999.9999999995,4080000.0,4130000.0,4179999.9999999995,4220000.0,4260000.0,4300000.0,4350000.0,4380000.0,4410000.0,4450000.0,4510000.0,4590000.0,4670000.0,4750000.0,4840000.0,4960000.0,5060000.0,5130000.0,5190000.0,5230000.0,5270000.0,5310000.0,5350000.0,5390000.0,5430000.0,5460000.0,5500000.0,78.0,78.4,78.6,78.8,79.1,79.4,79.8,80.0,80.2,80.4,80.6,80.9,80.9,81.2,81.5,81.5,81.7,81.9,82.0,81.8,81.8,81.8,82.1,82.2,82.4,82.5,82.7,82.8,83.0,83.1,83.3,83.4,NZL,2005,0.37
Oman,2310000.0,2340000.0,2370000.0,2400000.0,2430000.0,2470000.0,2520000.0,2560000.0,2610000.0,2650000.0,2700000.0,2880000.0,3210000.0,3540000.0,3820000.0,4010000.0,4190000.0000000005,4400000.0,4540000.0,4600000.0,4600000.0,4540000.0,4520000.0,4580000.0,4640000.0,4710000.0,4780000.0,4850000.0,4910000.0,4970000.0,5030000.0,5090000.0,68.8,69.1,69.5,69.6,69.8,70.2,70.3,70.1,69.9,70.0,70.2,70.4,70.8,71.5,71.9,72.3,72.4,72.6,72.9,73.6,74.0,72.7,74.4,74.6,74.7,74.9,75.1,75.3,75.5,75.7,75.9,76.1,OMN,2005,2.14
Pakistan,150000000.0,154000000.0,159000000.0,163000000.0,167000000.0,171000000.0,174000000.0,178000000.0,182000000.0,186000000.0,190000000.0,194000000.0,199000000.0,202000000.0,205000000.0,208000000.0,211000000.0,214000000.0,216000000.0,220000000.0,223000000.0,227000000.0,231000000.0,236000000.0,240000000.0,245000000.0,250000000.0,255000000.0,260000000.0,264000000.0,269000000.0,274000000.0,60.9,61.0,61.2,61.4,61.5,61.8,61.0,62.3,62.7,62.9,63.1,63.3,63.6,63.8,64.0,64.2,64.4,64.7,64.9,65.5,65.9,65.9,66.2,66.3,66.5,66.6,66.7,66.9,67.0,67.2,67.3,67.4,PAK,2005,87.94
Panama,2940000.0,3000000.0,3060000.0,3120000.0,3180000.0,3240000.0,3310000.0,3370000.0,3430000.0,3500000.0,3560000.0,3620000.0,3690000.0,3750000.0,3820000.0,3890000.0,3960000.0,4030000.0000000005,4099999.9999999995,4170000.0,4230000.0,4290000.0,4350000.0,4410000.0,4470000.0,4530000.0,4590000.0,4640000.0,4700000.0,4760000.0,4810000.0,4860000.0,77.3,78.0,78.1,78.1,78.0,78.2,78.2,78.2,78.5,78.4,78.4,78.5,78.7,78.6,78.7,78.9,79.3,79.5,79.6,79.9,80.0,77.0,80.4,80.6,80.7,80.9,81.1,81.3,81.4,81.6,81.8,82.0,PAN,2005,7.29
Peru,26300000.0,26700000.0,27000000.0,27300000.0,27600000.0,27900000.0,28100000.0,28400000.0,28600000.0,28800000.0,29000000.0,29200000.0,29500000.0,29700000.0,30000000.0,30400000.0,30700000.0,31100000.0,31600000.0,32200000.000000004,32799999.999999996,33299999.999999996,33700000.0,34000000.0,34400000.0,34700000.0,35000000.0,35400000.0,35700000.0,36000000.0,36400000.0,36700000.0,74.4,74.6,75.5,75.9,76.0,76.7,77.2,77.7,78.3,78.5,77.4,77.3,77.7,78.0,78.4,78.9,79.4,79.6,79.8,80.0,80.3,77.4,80.7,80.9,81.1,81.3,81.5,81.7,82.0,82.2,82.4,82.6,PER,2005,11.31
Philippines,76200000.0,78000000.0,79600000.0,81300000.0,82900000.0,84600000.0,86300000.0,87900000.0,89600000.0,91300000.0,92900000.0,94600000.0,96300000.0,98000000.0,99700000.0,101000000.0,103000000.0,105000000.0,107000000.0,109000000.0,110000000.0,112000000.0,114000000.0,116000000.0,117000000.0,119000000.0,121000000.0,123000000.0,124000000.0,126000000.0,128000000.0,129000000.0,70.5,70.3,70.2,70.2,70.3,70.4,70.3,70.2,70.5,70.4,70.4,70.6,70.7,70.7,70.6,71.0,70.9,71.0,71.2,71.6,71.8,71.8,72.1,72.2,72.3,72.5,72.6,72.7,72.8,73.0,73.1,73.3,PHL,2005,52.26
Papua New Guinea,5320000.0,5510000.0,5700000.0,5890000.0,6090000.0,6290000.0,6500000.0,6710000.0,6920000.0,7140000.0,7360000.0,7580000.0,7810000.0,8029999.999999999,8250000.0,8460000.0,8680000.0,8900000.0,9110000.0,9330000.0,9540000.0,9750000.0,9950000.0,10100000.0,10300000.0,10500000.0,10700000.0,10900000.0,11100000.0,11300000.0,11400000.0,11600000.0,63.3,63.1,62.9,62.7,62.5,62.3,62.2,62.2,62.3,62.5,62.6,62.8,63.0,63.1,63.4,63.7,63.9,64.1,64.3,64.4,64.7,64.8,65.1,65.3,65.5,65.7,65.9,66.1,66.2,66.4,66.6,66.8,PNG,2005,37.32
Poland,38400000.0,38500000.0,38700000.0,38600000.0,38600000.0,38600000.0,38600000.0,38500000.0,38500000.0,38500000.0,38600000.0,38600000.0,38600000.0,38600000.0,38600000.0,38600000.0,38600000.0,38500000.0,38500000.0,38500000.0,38500000.0,38400000.0,38300000.0,39900000.0,41000000.0,40200000.0,39600000.0,39200000.0,39000000.0,38900000.0,38800000.0,38700000.0,73.2,73.9,74.3,74.7,74.9,75.0,75.2,75.3,75.4,75.6,75.9,76.5,76.8,76.9,77.2,77.6,77.6,77.9,78.0,78.0,78.1,76.7,78.4,78.6,78.7,78.9,79.0,79.2,79.4,79.5,79.7,79.9,POL,2005,1.87
North Korea,23200000.0,23400000.0,23500000.0,23600000.0,23800000.0,23900000.0,24100000.0,24200000.0,24400000.0,24500000.0,24600000.0,24700000.0,24800000.0,24900000.0,25000000.0,25100000.0,25300000.0,25400000.0,25500000.0,25600000.0,25800000.0,25900000.0,26000000.0,26100000.0,26200000.0,26200000.0,26300000.0,26400000.0,26400000.0,26500000.0,26500000.0,26600000.0,62.5,63.9,64.0,64.2,69.7,69.8,70.0,70.2,70.3,70.5,70.7,70.9,71.2,71.4,71.7,71.9,72.2,72.4,72.7,72.9,73.2,73.2,73.5,73.7,73.9,74.1,74.2,74.4,74.6,74.8,75.0,75.1,PRK,2005,17.52
Portugal,10200000.0,10300000.0,10400000.0,10400000.0,10500000.0,10500000.0,10500000.0,10500000.0,10600000.0,10600000.0,10600000.0,10600000.0,10600000.0,10500000.0,10500000.0,10400000.0,10400000.0,10300000.0,10300000.0,10300000.0,10300000.0,10300000.0,10300000.0,10300000.0,10200000.0,10200000.0,10200000.0,10200000.0,10100000.0,10100000.0,10100000.0,10100000.0,76.4,76.8,77.2,77.5,77.8,78.4,78.8,79.2,79.4,79.7,79.9,80.2,80.5,80.8,81.1,81.3,81.5,81.6,81.6,81.7,81.7,80.9,82.1,82.2,82.4,82.6,82.7,82.9,83.0,83.1,83.3,83.4,PRT,2005,1.79
Paraguay,5030000.0,5120000.0,5210000.0,5290000.0,5350000.0,5420000.0,5480000.0,5530000.0,5590000.0,5650000.0,5700000.0,5770000.0,5840000.0,5920000.0,6010000.0,6090000.0,6180000.0,6270000.0,6360000.0,6440000.0,6530000.0,6620000.0,6700000.0,6780000.0,6860000.0,6950000.0,7030000.0,7110000.0,7190000.0,7270000.0,7350000.0,7430000.0,75.5,75.6,76.0,76.1,75.8,75.2,75.6,75.6,76.0,76.0,75.8,75.7,76.0,76.2,76.0,76.4,76.5,76.1,76.3,76.5,76.6,75.7,76.8,76.9,77.0,77.1,77.2,77.3,77.5,77.6,77.7,77.8,PRY,2005,5.99
Palestine,3040000.0,3140000.0,3230000.0,3310000.0,3380000.0,3460000.0,3540000.0,3630000.0,3720000.0,3810000.0,3900000.0,3990000.0,4090000.0,4179999.9999999995,4280000.0,4380000.0,4480000.0,4590000.0,4700000.0,4810000.0,4910000.0,5020000.0,5130000.0,5250000.0,5370000.0,5490000.0,5620000.0,5750000.0,5870000.0,6000000.0,6130000.0,6260000.0,71.9,70.2,69.6,68.8,70.0,69.8,71.1,69.6,71.6,69.3,69.8,73.7,73.7,73.9,74.8,74.5,74.3,74.5,74.7,74.7,74.8,73.6,75.1,75.3,75.5,75.6,75.8,75.9,76.1,76.3,76.4,76.6,PSE,2005,2.06
Qatar,613000.0,646000.0,679000.0,713000.0,749000.0,778000.0,849000.0,1020000.0,1230000.0,1440000.0,1610000.0,1710000.0,1800000.0,1910000.0,2040000.0,2210000.0,2410000.0,2600000.0,2710000.0,2770000.0,2810000.0,2760000.0,2690000.0,2700000.0,2720000.0,2740000.0,2760000.0,2780000.0,2800000.0,2820000.0,2840000.0,2860000.0,70.6,71.2,71.5,71.5,71.7,72.2,72.3,72.1,72.2,72.5,72.8,73.4,73.9,74.3,74.7,74.9,75.5,75.7,75.9,76.1,76.3,76.2,76.5,76.7,76.8,77.0,77.1,77.3,77.4,77.5,77.7,77.8,QAT,2005,2.44
Romania,22000000.0,21900000.0,21800000.0,21700000.0,21500000.0,21300000.0,21100000.0,20900000.0,20700000.0,20600000.0,20500000.0,20300000.0,20200000.0,20100000.0,20100000.0,20000000.0,19900000.0,19800000.0,19700000.0,19600000.0,19500000.0,19400000.0,19300000.0,19700000.0,19900000.0,19600000.0,19400000.0,19300000.0,19200000.0,19100000.0,19100000.0,19000000.0,70.7,71.2,71.2,71.2,71.5,72.0,72.4,72.8,73.4,73.4,73.5,73.8,74.6,74.7,75.3,75.0,75.3,75.3,75.4,75.5,75.5,74.1,75.8,75.9,76.0,76.2,76.3,76.5,76.6,76.7,76.9,77.0,ROU,2005,7.22
Russia,147000000.0,147000000.0,146000000.0,146000000.0,145000000.0,144000000.0,144000000.0,143000000.0,143000000.0,143000000.0,143000000.0,143000000.0,143000000.0,144000000.0,144000000.0,144000000.0,145000000.0,145000000.0,145000000.0,146000000.0,146000000.0,146000000.0,145000000.0,145000000.0,144000000.0,144000000.0,143000000.0,143000000.0,143000000.0,142000000.0,142000000.0,141000000.0,66.2,65.6,65.5,65.4,65.2,65.5,65.0,66.5,67.5,67.7,68.7,68.8,70.0,70.5,70.9,71.0,71.5,72.0,72.9,73.0,73.0,71.2,73.3,73.4,73.5,73.6,73.7,73.9,74.0,74.2,74.3,74.4,RUS,2005,15.27
Rwanda,8010000.0,8109999.999999999,8220000.000000001,8369999.999999999,8570000.0,8790000.0,9030000.0,9270000.0,9520000.0,9780000.0,10000000.0,10300000.0,10600000.0,10800000.0,11100000.0,11400000.0,11600000.0,11900000.0,12200000.0,12500000.0,12800000.0,13100000.0,13500000.0,13800000.0,14100000.0,14400000.0,14700000.0,15100000.0,15400000.0,15700000.0,16000000.0,16399999.999999998,49.3,50.5,51.5,53.2,54.5,56.3,58.2,60.2,61.6,62.6,63.4,64.5,65.3,65.8,66.8,67.2,67.4,67.6,68.0,68.3,68.7,68.7,69.2,69.5,69.8,70.1,70.3,70.6,70.8,71.1,71.3,71.5,RWA,2005,137.13
Saudi Arabia,21000000.0,21500000.0,22100000.0,22600000.0,23200000.0,23700000.0,24400000.0,25400000.0,26400000.0,27400000.0,28500000.0,29400000.0,30200000.0,30800000.0,31500000.0,32100000.0,32700000.000000004,33400000.0,34200000.0,35000000.0,35800000.0,36000000.0,36000000.0,36400000.0,36900000.0,37500000.0,38000000.0,38500000.0,39000000.0,39500000.0,40000000.0,40500000.0,70.2,70.4,70.6,70.7,70.9,71.1,71.2,71.2,71.3,71.4,71.6,71.8,72.2,72.6,72.9,73.2,73.3,73.7,74.0,74.3,74.5,74.3,74.8,75.0,75.1,75.3,75.4,75.6,75.7,75.8,76.0,76.1,SAU,2005,17.58
Sudan,25600000.0,26300000.0,26900000.0,27600000.0,28200000.0,28800000.0,29500000.0,30300000.0,31200000.0,32100000.0,32900000.0,33700000.0,34400000.0,35200000.0,36000000.0,37000000.0,38200000.0,39400000.0,40700000.0,42000000.0,43200000.0,44400000.0,45700000.0,46900000.0,48100000.0,49400000.0,50600000.0,51900000.0,53200000.0,54400000.0,55700000.0,57000000.0,62.9,63.3,63.7,63.9,64.1,64.2,65.5,65.8,66.3,66.8,67.0,67.4,67.6,68.1,68.3,68.7,69.0,69.4,69.8,70.1,70.5,70.5,71.0,71.2,71.5,71.7,71.9,72.2,72.4,72.6,72.8,73.0,SDN,2005,10.75
Senegal,9480000.0,9700000.0,9940000.0,10200000.0,10400000.0,10700000.0,11000000.0,11300000.0,11600000.0,11900000.0,12200000.0,12500000.0,12900000.0,13200000.0,13600000.0,14000000.0,14400000.0,14800000.0,15200000.0,15600000.0,16000000.0,16399999.999999998,16900000.0,17300000.0,17800000.0,18200000.0,18700000.0,19200000.0,19600000.0,20100000.0,20600000.0,21100000.0,60.1,60.6,61.1,61.4,62.2,62.7,63.2,63.7,64.4,65.0,65.4,65.7,66.0,66.2,66.5,66.8,67.0,67.3,67.5,68.0,68.5,68.5,69.0,69.3,69.5,69.8,70.0,70.3,70.5,70.7,71.0,71.2,SEN,2005,69.96
Singapore,3970000.0,4050000.0,4120000.0,4179999.9999999995,4230000.0,4270000.0,4340000.0,4490000.0,4660000.0,4840000.0,5010000.0,5160000.0,5280000.0,5380000.0,5480000.0,5570000.0,5650000.0,5710000.0,5760000.0,5810000.0,5870000.0,5910000.0,5940000.0,5980000.0,6010000.0,6050000.0,6090000.0,6130000.0,6160000.0,6190000.0,6220000.0,6250000.0,78.8,79.4,79.8,80.1,80.4,80.7,81.3,81.6,81.8,82.1,82.5,82.8,83.1,83.3,83.5,83.8,84.1,84.4,84.7,84.7,84.8,84.9,85.1,85.3,85.4,85.5,85.6,85.8,85.9,86.0,86.1,86.2,SGP,2005,2.15
Solomon Islands,419000.0,430000.0,440000.0,451000.0,461000.0,472000.0,482000.0,493000.0,505000.0,516000.0,528000.0,540000.0,554000.0,568000.0,582000.0,597000.0,613000.0,628000.0,644000.0,659000.0,675000.0,691000.0,708000.0,724000.0,740000.0,757000.0,773000.0,789000.0,806000.0,823000.0,839000.0,856000.0,57.0,57.0,56.9,56.9,56.9,56.8,56.8,56.9,56.8,57.1,57.1,57.4,57.6,57.9,58.0,58.1,58.4,58.6,58.8,59.0,59.2,59.2,59.4,59.5,59.6,59.7,59.8,59.9,60.0,60.1,60.2,60.3,SLB,2005,18.46
Sierra Leone,4480000.0,4580000.0,4860000.0,5140000.0,5350000.0,5530000.0,5680000.0,5810000.0,5940000.0,6090000.0,6260000.0,6440000.0,6610000.0,6790000.0,6960000.0,7140000.0,7310000.0,7490000.0,7680000.0,7860000.0,8050000.000000001,8230000.0,8420000.0,8610000.0,8790000.0,8980000.0,9170000.0,9350000.0,9540000.0,9730000.0,9920000.0,10100000.0,50.0,51.6,52.2,52.4,52.6,52.9,53.3,53.7,54.1,54.7,55.3,56.0,56.6,57.4,58.2,57.1,58.7,60.0,60.2,61.2,61.8,61.9,62.6,63.0,63.4,63.8,64.2,64.6,65.0,65.3,65.7,66.1,SLE,2005,93.89
El Salvador,5920000.0,5960000.0,5990000.0,6010000.0,6030000.0,6040000.0,6040000.0,6030000.0,6040000.0,6070000.0,6090000.0,6110000.0,6140000.0,6160000.0,6190000.0,6210000.0,6230000.0,6250000.0,6270000.0,6280000.0,6280000.0,6290000.0,6310000.0,6340000.0,6360000.0,6400000.0,6430000.0,6450000.0,6480000.0,6510000.0,6530000.0,6550000.0,72.8,73.1,73.0,74.3,73.9,73.6,73.6,73.7,74.1,74.7,74.1,75.2,75.1,74.5,74.3,73.5,73.4,75.2,75.4,75.6,75.7,75.1,76.2,76.4,76.6,76.8,77.0,77.2,77.4,77.6,77.8,78.0,SLV,2005,2.36
Somalia,8380000.000000001,8720000.0,9070000.0,9410000.0,9760000.0,10100000.0,10500000.0,10800000.0,11100000.0,11400000.0,11700000.0,12000000.0,12200000.0,12400000.0,12900000.0,13300000.0,13800000.0,14300000.0,14900000.0,15400000.0,16000000.0,16500000.0,17100000.0,17600000.0,18100000.0,18700000.0,19300000.0,19900000.0,20500000.0,21100000.0,21700000.0,22300000.0,51.1,51.4,51.8,52.2,52.6,52.8,53.5,53.8,53.9,54.3,54.6,53.9,54.3,55.5,56.2,56.6,57.0,57.2,57.4,57.9,58.5,58.6,59.1,59.4,59.6,59.9,60.2,60.4,60.7,61.0,61.2,61.5,SOM,2005,275.3
Serbia,7960000.0,7940000.0,7920000.0,7900000.0,7890000.0,7860000.0,7830000.0,7790000.0,7760000.0,7720000.0,7690000.0,7650000.0,7620000.0,7590000.0,7570000.0,7540000.0,7520000.0,7490000.0,7460000.0,7430000.0,7400000.0,7360000.0,7300000.0,7220000.0,7150000.0,7100000.0,7060000.0,7010000.0,6970000.0,6930000.0,6880000.0,6830000.0,68.9,71.4,71.9,72.2,72.2,72.3,72.3,72.7,73.2,73.5,73.6,74.1,74.3,74.8,74.9,75.0,75.1,75.5,75.6,75.6,75.7,75.2,76.0,76.1,76.2,76.3,76.5,76.6,76.8,76.9,77.0,77.2,SRB,2005,2.28
South Sudan,5850000.0,6110000.0,6390000.0,6690000.0,6990000.0,7320000.0,7660000.0,8029999.999999999,8420000.0,8820000.0,9230000.0,9710000.0,10200000.0,10700000.0,11100000.0,11200000.0,11200000.0,11100000.0,10700000.0,10400000.0,10400000.0,10600000.0,10700000.0,10900000.0,11100000.0,11300000.0,11500000.0,11700000.0,11900000.0,12100000.0,12300000.0,12600000.0,56.3,57.0,57.7,58.1,58.4,58.9,59.3,59.2,59.6,60.0,59.8,60.6,60.5,61.1,60.8,60.9,61.6,62.0,62.3,63.0,63.7,63.9,64.3,64.6,64.9,65.2,65.4,65.7,66.0,66.2,66.5,66.8,SSD,2005,113.55
Sao Tome and Principe,142000.0,144000.0,146000.0,150000.0,154000.0,158000.0,162000.0,166000.0,170000.0,174000.0,178000.0,182000.0,186000.0,190000.0,194000.0,197000.0,201000.0,205000.0,208000.0,211000.0,215000.0,219000.0,223000.0,227000.0,232000.0,236000.0,241000.0,246000.0,250000.0,255000.0,260000.0,265000.0,64.6,65.0,65.5,65.9,66.2,66.5,66.7,67.2,67.6,67.9,68.6,69.0,69.3,69.3,69.4,69.8,70.0,70.2,70.4,70.7,70.9,70.7,71.3,71.5,71.7,71.8,72.0,72.2,72.4,72.5,72.7,72.9,STP,2005,31.66
Suriname,470000.0,479000.0,487000.0,496000.0,504000.0,511000.0,516000.0,522000.0,528000.0,534000.0,540000.0,546000.0,552000.0,558000.0,564000.0,570000.0,575000.0,581000.0,588000.0,594000.0,600000.0,607000.0,613000.0,618000.0,623000.0,629000.0,634000.0,640000.0,645000.0,650000.0,655000.0,660000.0,70.2,69.8,69.6,69.5,69.8,70.1,70.6,71.2,71.6,71.7,72.1,72.3,72.8,73.1,73.0,72.7,72.5,72.4,72.5,72.6,72.7,72.4,73.0,73.1,73.2,73.3,73.5,73.6,73.8,73.9,74.0,74.1,SUR,2005,2.64
Slovenia,1990000.0,1980000.0,1980000.0,1980000.0,1990000.0,2000000.0,2000000.0,2009999.9999999998,2020000.0,2029999.9999999998,2049999.9999999998,2060000.0,2069999.9999999998,2069999.9999999998,2069999.9999999998,2069999.9999999998,2080000.0,2089999.9999999998,2100000.0,2110000.0,2110000.0,2120000.0,2120000.0,2120000.0,2120000.0,2120000.0,2120000.0,2120000.0,2110000.0,2110000.0,2110000.0,2110000.0,75.8,76.3,76.3,76.8,77.0,77.4,78.1,78.3,78.6,79.1,79.4,79.7,80.0,80.2,80.5,81.3,81.0,81.3,81.3,81.4,81.4,80.4,81.7,81.9,82.0,82.2,82.3,82.5,82.6,82.8,82.9,83.1,SVN,2005,0.67
Sweden,8850000.0,8870000.0,8900000.0,8930000.0,8960000.0,9000000.0,9050000.0,9100000.0,9160000.0,9230000.0,9300000.0,9380000.0,9470000.0,9560000.0,9650000.0,9750000.0,9850000.0,9950000.0,10100000.0,10200000.0,10300000.0,10400000.0,10500000.0,10500000.0,10600000.0,10700000.0,10700000.0,10800000.0,10800000.0,10900000.0,11000000.0,11000000.0,79.8,80.0,80.2,80.3,80.5,80.7,81.0,81.1,81.3,81.5,81.7,81.9,82.0,82.1,82.3,82.5,82.5,82.6,82.7,82.7,82.8,82.0,83.1,83.3,83.4,83.6,83.7,83.9,84.0,84.2,84.3,84.4,SWE,2005,0.62
Eswatini,1020000.0,1030000.0,1040000.0,1050000.0,1060000.0,1070000.0,1070000.0,1080000.0,1080000.0,1090000.0,1090000.0,1100000.0,1110000.0,1110000.0,1120000.0,1130000.0,1130000.0,1140000.0,1150000.0,1160000.0,1170000.0,1180000.0,1190000.0,1200000.0,1210000.0,1220000.0,1230000.0,1250000.0,1260000.0,1280000.0,1290000.0,1310000.0,50.7,48.3,46.3,45.0,43.9,43.1,43.3,44.1,44.9,45.5,46.4,48.0,49.8,50.9,52.1,53.5,54.9,56.1,57.0,57.8,58.3,58.0,59.1,59.3,59.5,59.6,59.9,60.2,60.5,60.7,61.0,61.3,SWZ,2005,175.02
Seychelles,78800.0,80100.0,81300.0,82400.0,83600.0,84700.0,85900.0,87100.0,88300.0,89600.0,91000.0,92400.0,93800.0,95300.0,96700.0,98000.0,99200.0,101000.0,102000.0,103000.0,104000.0,106000.0,106000.0,107000.0,108000.0,108000.0,109000.0,109000.0,110000.0,110000.0,111000.0,111000.0,71.8,72.2,72.3,72.1,71.9,72.0,72.2,72.4,72.5,72.8,72.9,73.2,73.4,73.4,73.5,73.5,73.4,73.3,73.4,73.5,73.6,73.6,73.7,73.8,74.0,74.1,74.2,74.4,74.5,74.7,74.8,75.0,SYC,2005,6.6
Syria,15900000.0,16300000.0,16700000.0,17200000.0,17600000.0,18100000.0,18600000.0,19400000.0,20700000.0,21500000.0,21800000.0,22300000.0,22700000.0,22600000.0,21500000.0,20100000.0,19200000.0,19000000.0,19000000.0,19300000.0,20100000.0,20800000.0,21300000.0,22100000.0,23200000.0,24300000.0,25400000.0,26400000.0,27400000.0,28200000.0,29100000.0,29800000.0,70.9,71.6,72.4,72.8,73.8,74.1,74.4,74.5,74.6,74.4,74.7,74.7,72.8,65.8,66.4,63.6,65.5,64.3,68.3,73.2,73.9,74.4,75.8,76.7,77.4,78.0,78.5,78.8,79.1,79.3,79.4,79.6,SYR,2005,0.99
Chad,7980000.0,8260000.0,8540000.0,8840000.0,9200000.0,9610000.0,10000000.0,10400000.0,10700000.0,11100000.0,11500000.0,11900000.0,12300000.0,12800000.0,13200000.0,13700000.0,14100000.0,14600000.0,15100000.0,15600000.0,16100000.000000002,16600000.000000002,17200000.0,17700000.0,18300000.0,18800000.0,19400000.0,20000000.0,20600000.0,21200000.0,21800000.0,22500000.0,52.5,52.3,52.5,52.6,52.8,53.2,53.7,53.9,54.8,55.2,56.0,56.5,56.9,57.3,57.8,58.3,58.8,59.3,59.5,59.9,60.4,60.5,61.0,61.3,61.6,61.9,62.2,62.5,62.8,63.1,63.4,63.7,TCD,2005,137.98
Togo,4870000.0,5010000.0,5150000.0,5280000.0,5420000.0,5570000.0,5710000.0,5870000.0,6050000.0,6220000.0,6400000.0,6570000.0,6750000.0,6930000.0,7110000.0,7290000.0,7470000.0,7660000.0,7850000.0,8050000.000000001,8240000.0,8440000.0,8640000.0,8850000.0,9050000.0,9260000.0,9470000.0,9680000.0,9900000.0,10100000.0,10300000.0,10600000.0,56.5,56.4,56.3,56.3,56.4,56.7,56.9,57.5,57.8,58.1,58.7,59.5,60.2,60.8,61.3,61.8,62.4,63.0,63.8,64.5,65.0,65.2,65.7,66.0,66.3,66.7,66.9,67.2,67.5,67.8,68.0,68.3,TGO,2005,82.81
Thailand,62400000.0,63100000.0,63600000.0,64200000.0,64800000.0,65300000.0,65800000.0,66300000.0,66800000.0,67300000.0,67800000.0,68300000.0,68700000.0,69200000.0,69600000.0,70000000.0,70300000.0,70600000.0,70900000.0,71100000.0,71300000.0,71500000.0,71600000.0,71700000.0,71800000.0,71900000.0,72000000.0,72000000.0,72000000.0,72100000.0,72100000.0,72100000.0,71.4,71.8,72.8,73.1,73.6,73.7,74.8,75.4,76.0,76.5,76.9,77.0,77.4,77.7,78.0,78.1,78.2,78.0,78.2,78.3,78.4,78.5,78.8,79.0,79.1,79.3,79.5,79.7,79.8,80.0,80.2,80.4,THA,2005,16.08
Tajikistan,6190000.0,6270000.0,6410000.0,6540000.0,6670000.0,6800000.0,6930000.0,7060000.0,7190000.0,7320000.0,7470000.0,7620000.0,7780000.0,7960000.0,8140000.000000001,8330000.0,8520000.0,8730000.0,8930000.0,9130000.0,9340000.0,9540000.0,9750000.0,9950000.0,10100000.0,10300000.0,10500000.0,10700000.0,10900000.0,11100000.0,11200000.0,11400000.0,66.3,66.6,66.8,67.0,67.3,67.5,67.5,67.6,67.7,67.9,68.0,68.0,68.1,68.3,68.6,68.6,68.6,68.6,68.8,69.2,69.6,69.6,70.0,70.1,70.3,70.5,70.7,70.8,71.0,71.2,71.4,71.5,TJK,2005,16.46
Turkmenistan,4500000.0,4570000.0,4640000.0,4700000.0,4760000.0,4820000.0,4890000.0,4950000.0,5020000.0,5100000.0,5180000.0,5270000.0,5360000.0,5460000.0,5560000.0,5660000.0,5770000.0,5870000.0,5970000.0,6070000.0,6160000.0,6250000.0,6340000.0,6430000.0,6520000.0,6600000.0,6680000.0,6750000.0,6830000.0,6900000.0,6970000.0,7030000.0,65.5,66.3,66.7,66.6,66.5,66.2,65.8,66.2,66.6,67.3,68.8,69.5,69.6,69.8,69.8,69.9,70.0,70.3,70.5,70.6,70.8,70.9,71.1,71.2,71.3,71.5,71.6,71.7,71.8,72.0,72.1,72.2,TKM,2005,19.44
Tonga,102000.0,103000.0,103000.0,104000.0,104000.0,105000.0,106000.0,106000.0,107000.0,107000.0,107000.0,107000.0,108000.0,108000.0,107000.0,107000.0,106000.0,106000.0,105000.0,105000.0,105000.0,105000.0,106000.0,107000.0,108000.0,109000.0,110000.0,111000.0,111000.0,112000.0,113000.0,114000.0,70.6,70.7,71.0,71.0,71.1,71.4,72.0,72.1,72.1,72.1,70.0,72.2,72.3,72.4,72.5,72.5,72.6,72.7,72.8,72.9,73.0,73.0,73.2,73.3,73.5,73.6,73.7,73.8,73.9,74.0,74.1,74.3,TON,2005,7.86
Trinidad and Tobago,1330000.0,1330000.0,1340000.0,1350000.0,1350000.0,1360000.0,1370000.0,1380000.0,1380000.0,1390000.0,1400000.0,1410000.0,1420000.0,1430000.0,1440000.0,1450000.0,1460000.0,1470000.0,1480000.0,1500000.0,1520000.0,1520000.0,1530000.0,1530000.0,1530000.0,1540000.0,1540000.0,1540000.0,1550000.0,1550000.0,1550000.0,1550000.0,69.8,70.5,70.6,71.2,71.1,71.6,71.9,72.5,72.8,72.4,73.2,73.7,74.5,75.1,74.9,74.9,74.9,74.8,74.8,74.8,74.9,74.8,75.1,75.2,75.4,75.5,75.6,75.7,75.9,76.0,76.1,76.2,TTO,2005,1.85
Tunisia,9790000.0,9890000.0,10000000.0,10100000.0,10200000.0,10300000.0,10400000.0,10500000.0,10600000.0,10700000.0,10800000.0,10900000.0,11000000.0,11200000.0,11300000.0,11400000.0,11600000.0,11700000.0,11800000.0,11900000.0,12000000.0,12200000.0,12300000.0,12400000.0,12500000.0,12600000.0,12700000.0,12800000.0,12900000.0,12900000.0,13000000.0,13100000.0,74.0,74.3,74.5,74.7,74.9,75.1,75.4,75.5,75.7,75.9,76.0,76.2,76.2,76.5,76.7,76.8,77.0,77.2,77.3,77.5,77.7,77.0,78.1,78.3,78.5,78.7,78.8,79.0,79.2,79.4,79.6,79.8,TUN,2005,1.88
Turkey,63200000.0,64099999.99999999,65099999.99999999,66000000.0,66900000.00000001,67800000.0,68700000.0,69600000.0,70500000.0,71300000.0,72200000.0,73200000.0,74200000.0,75300000.0,76600000.0,78100000.0,79600000.0,81000000.0,82100000.0,82800000.0,83500000.0,84100000.0,84800000.0,85300000.0,85800000.0,86300000.0,86700000.0,87100000.0,87600000.0,88000000.0,88400000.0,88900000.0,72.8,74.7,75.0,75.2,75.7,76.3,76.8,77.0,77.1,77.0,76.8,76.7,76.8,77.0,77.0,77.1,77.4,77.5,77.8,78.1,78.4,77.8,78.9,79.1,79.3,79.5,79.7,80.0,80.2,80.4,80.6,80.8,TUR,2005,2.34
Taiwan,22100000.0,22200000.0,22300000.0,22500000.0,22600000.0,22700000.0,22800000.0,22900000.0,22900000.0,23000000.0,23000000.0,23100000.0,23100000.0,23200000.0,23300000.0,23400000.0,23500000.0,23600000.0,23700000.0,23700000.0,23800000.0,23800000.0,23900000.0,23900000.0,23900000.0,24000000.0,24000000.0,24000000.0,24000000.0,24000000.0,24000000.0,24000000.0,76.5,76.9,77.2,77.7,77.9,77.9,77.9,78.5,78.8,79.0,79.4,79.7,79.5,79.7,80.1,80.0,80.3,80.2,80.2,80.2,80.3,80.4,80.6,80.8,81.0,81.1,81.3,81.5,81.6,81.8,82.0,82.1,TWN,2005,5.36
Tanzania,33500000.0,34500000.0,35400000.0,36400000.0,37300000.0,38400000.0,39400000.0,40600000.0,41700000.0,42900000.0,44000000.0,45100000.0,46400000.0,47800000.0,49300000.0,50800000.0,52500000.0,54400000.0,56300000.0,58100000.0,59900000.0,61700000.0,63600000.0,65500000.0,67400000.0,69400000.0,71400000.0,73500000.0,75500000.0,77600000.0,79700000.0,81900000.0,53.0,53.4,54.0,54.6,55.3,55.9,56.5,57.3,58.5,59.6,60.3,61.1,61.7,62.7,63.7,64.5,65.1,65.5,66.0,66.7,67.2,67.3,67.9,68.1,68.4,68.6,68.9,69.2,69.4,69.7,70.0,70.2,TZA,2005,107.08
Uganda,23300000.0,24000000.0,24800000.0,25500000.0,26400000.0,27100000.0,27900000.0,28800000.0,29600000.0,30500000.0,31400000.0,32299999.999999996,33299999.999999996,34300000.0,35300000.0,36300000.0,37500000.0,38700000.0,40100000.0,41500000.0,42900000.0,44400000.0,45900000.0,47200000.0,48600000.0,49900000.0,51300000.0,52700000.0,54100000.0,55500000.0,56900000.0,58400000.0,49.1,49.6,50.3,51.0,51.8,52.6,53.9,55.5,56.5,57.6,58.5,59.3,60.4,61.4,62.4,63.2,63.9,64.0,65.0,65.7,66.2,66.4,66.9,67.2,67.5,67.8,68.1,68.4,68.7,69.0,69.2,69.5,UGA,2005,148.26
Ukraine,49300000.0,48900000.0,48400000.0,48000000.0,47600000.0,47300000.0,46900000.0,46600000.0,46300000.0,46100000.0,45900000.0,45700000.0,45500000.0,45400000.0,45300000.0,45100000.0,45000000.0,44800000.0,44700000.0,44400000.0,44200000.0,43900000.0,43500000.0,39700000.0,36700000.0,37900000.0,38800000.0,39100000.0,39000000.0,38800000.0,38600000.0,38300000.0,68.3,68.0,68.2,68.1,68.3,68.0,67.8,68.4,68.1,68.3,70.0,70.8,71.5,71.6,71.8,71.7,72.5,72.9,73.8,73.9,73.8,73.2,74.1,74.2,74.4,74.5,74.6,74.8,74.9,75.1,75.2,75.3,UKR,2005,11.17
Uruguay,3280000.0,3290000.0,3300000.0,3310000.0,3310000.0,3310000.0,3320000.0,3320000.0,3330000.0,3340000.0,3340000.0,3350000.0,3360000.0,3370000.0,3380000.0,3390000.0,3400000.0,3410000.0,3420000.0,3430000.0,3430000.0,3430000.0,3430000.0,3420000.0,3420000.0,3420000.0,3420000.0,3420000.0,3420000.0,3420000.0,3420000.0,3420000.0,74.4,74.8,75.0,75.0,75.0,75.2,75.5,75.9,75.7,76.2,76.5,76.5,76.4,76.5,76.8,77.1,77.1,77.3,77.3,77.5,77.5,77.3,77.8,78.0,78.1,78.3,78.4,78.6,78.7,78.8,79.0,79.2,URY,2005,1.59
United States,279000000.0,282000000.0,285000000.0,288000000.0,291000000.0,294000000.0,297000000.0,300000000.0,303000000.0,306000000.0,309000000.0,311000000.0,314000000.0,317000000.0,319000000.0,322000000.0,325000000.0,327000000.0,330000000.0,332000000.0,334000000.0,336000000.0,337000000.0,338000000.0,340000000.0,342000000.0,344000000.0,345000000.0,347000000.0,349000000.0,350000000.0,352000000.0,76.9,77.0,77.1,77.2,77.3,77.7,77.7,78.0,78.2,78.4,78.6,78.9,78.9,79.0,79.1,79.1,79.0,78.9,79.0,79.0,78.9,77.0,79.0,79.1,79.2,79.3,79.5,79.6,79.8,80.0,80.2,80.5,USA,2005,0.25
Uzbekistan,24600000.0,24900000.0,25200000.0,25600000.0,25900000.0,26200000.0,26600000.0,26900000.0,27300000.0,27700000.0,28200000.0,28600000.0,29100000.0,29500000.0,30000000.0,30400000.0,30900000.0,31500000.0,31900000.0,32400000.0,33000000.0,33500000.0,34100000.0,34600000.0,35200000.0,35700000.0,36200000.0,36600000.0,37100000.0,37500000.0,37900000.0,38300000.0,65.5,65.1,65.1,65.0,64.9,64.8,64.5,65.0,65.3,65.7,66.2,66.5,66.6,66.7,67.0,67.2,67.3,67.6,67.8,68.1,68.4,68.4,68.7,68.7,68.8,68.9,69.0,69.1,69.2,69.3,69.4,69.5,UZB,2005,21.7
Venezuela,24000000.0,24400000.0,24900000.0,25300000.0,25800000.0,26200000.0,26700000.0,27100000.0,27500000.0,27900000.0,28300000.0,28700000.0,29100000.0,29500000.0,29800000.0,30200000.0,30500000.0,30700000.0,30600000.0,29800000.0,29000000.0,28500000.0,28200000.0,28300000.0,28800000.0,29400000.0,29900000.0,30400000.0,30900000.0,31300000.0,31700000.0,32000000.0,70.3,74.2,74.1,74.0,73.5,74.6,75.0,74.8,74.6,74.4,74.6,75.3,75.4,75.2,75.5,75.6,75.7,75.6,75.5,75.4,75.0,75.1,75.1,75.3,75.5,75.7,76.0,76.2,76.5,76.7,77.0,77.1,VEN,2005,3.95
Vietnam,78100000.0,79000000.0,79800000.0,80600000.0,81500000.0,82300000.0,83100000.0,84000000.0,84800000.0,85600000.0,86500000.0,87400000.0,88300000.0,89300000.0,90300000.0,91200000.0,92200000.0,93100000.0,94000000.0,94900000.0,95800000.0,96600000.0,97500000.0,98200000.0,98900000.0,99500000.0,100000000.0,101000000.0,101000000.0,102000000.0,102000000.0,103000000.0,72.0,72.2,72.4,72.5,72.6,72.7,72.8,72.9,72.9,73.0,73.1,73.2,73.3,73.5,73.6,73.7,73.9,74.0,74.2,74.3,74.5,74.5,74.7,74.8,74.9,75.0,75.1,75.3,75.4,75.6,75.8,75.9,VNM,2005,41.29
Vanuatu,187000.0,192000.0,197000.0,202000.0,207000.0,212000.0,218000.0,223000.0,228000.0,234000.0,240000.0,245000.0,251000.0,257000.0,264000.0,270000.0,276000.0,283000.0,290000.0,297000.0,304000.0,312000.0,319000.0,327000.0,335000.0,342000.0,350000.0,358000.0,366000.0,374000.0,383000.0,391000.0,63.0,63.6,63.6,63.6,63.7,63.7,63.8,63.9,64.0,64.1,64.2,64.4,64.5,64.7,64.8,64.8,65.0,65.1,65.3,65.3,65.5,65.5,65.7,65.9,66.0,66.1,66.3,66.4,66.5,66.6,66.8,66.9,VUT,2005,29.25
Samoa,182000.0,184000.0,186000.0,187000.0,187000.0,188000.0,189000.0,189000.0,190000.0,192000.0,193000.0,195000.0,196000.0,198000.0,200000.0,202000.0,204000.0,206000.0,208000.0,210000.0,212000.0,215000.0,219000.0,222000.0,226000.0,229000.0,232000.0,235000.0,239000.0,242000.0,245000.0,249000.0,68.3,68.5,68.6,68.8,68.9,69.0,69.0,69.2,69.3,69.5,67.5,69.6,69.7,69.6,69.9,70.0,70.1,70.2,70.3,70.4,70.5,70.5,70.7,70.8,71.0,71.1,71.2,71.3,71.4,71.6,71.7,71.8,WSM,2005,11.53
Yemen,18100000.0,18600000.0,19100000.0,19700000.0,20200000.0,20700000.0,21300000.0,22000000.0,22600000.0,23300000.0,24000000.0,24700000.0,25500000.0,26200000.0,27000000.0,27800000.0,28500000.0,29300000.0,30000000.0,30800000.0,31500000.0,32299999.999999996,33000000.0,33700000.0,34400000.0,35200000.0,36000000.0,36800000.0,37600000.0,38300000.0,39100000.0,39900000.0,63.0,63.5,64.0,64.5,64.9,65.3,65.8,66.2,66.5,66.9,67.2,67.6,67.8,67.9,68.4,68.5,68.2,67.5,67.3,66.1,67.7,67.8,67.9,68.0,68.1,68.3,68.4,68.6,68.8,69.0,69.2,69.4,YEM,2005,10.21
South Africa,46400000.0,46800000.0,47200000.0,47700000.0,48100000.0,48600000.0,49000000.0,49500000.0,50000000.0,50600000.0,51200000.0,51800000.0,52400000.0,53100000.0,53900000.0,54700000.0,55900000.0,56400000.0,56600000.0,57300000.0,58100000.0,58800000.0,59400000.0,59900000.0,60400000.0,61000000.0,61700000.0,62300000.0,62900000.0,63500000.0,64099999.99999999,64700000.0,57.2,55.6,54.8,53.7,52.7,52.2,52.1,52.3,53.2,54.3,55.7,57.1,58.7,60.1,61.3,61.8,62.3,62.7,63.2,64.4,65.1,64.3,65.6,65.9,66.1,66.3,66.5,66.7,66.9,67.1,67.3,67.5,ZAF,2005,95.17
Zambia,9620000.0,9890000.0,10200000.0,10500000.0,10800000.0,11200000.0,11600000.0,12000000.0,12400000.0,12900000.0,13300000.0,13800000.0,14300000.0,14700000.0,15200000.0,15700000.0,16200000.0,16800000.0,17300000.0,17800000.0,18400000.0,18900000.0,19500000.0,20000000.0,20600000.0,21100000.0,21700000.0,22300000.0,22900000.0,23500000.0,24100000.0,24700000.0,45.3,45.3,45.2,45.9,46.6,47.7,48.7,50.0,51.9,54.1,55.7,56.5,57.5,58.5,59.5,60.2,60.8,61.4,61.9,62.5,63.2,63.1,63.8,64.0,64.2,64.4,64.7,64.9,65.2,65.4,65.6,65.9,ZMB,2005,183.67
Zimbabwe,11700000.0,11800000.0,11900000.0,12000000.0,12100000.0,12200000.0,12200000.0,12300000.0,12500000.0,12600000.0,12700000.0,12800000.0,13000000.0,13300000.0,13600000.0,13900000.0,14200000.0,14500000.0,14800000.0,15100000.0,15400000.0,15700000.0,16000000.0,16300000.0,16700000.0,17000000.0,17400000.0,17700000.0,18100000.0,18500000.0,18800000.0,19200000.0,48.5,47.5,47.0,46.6,46.4,46.4,46.8,47.4,48.2,48.9,50.2,52.3,54.4,56.0,57.2,58.0,58.6,59.2,59.9,60.6,61.0,60.7,61.5,61.7,61.9,62.1,62.4,62.6,62.8,63.1,63.3,63.6,ZWE,2005,160.28
